"state_alpha","GEOID","BARLEY","CORN","COTTON","OATS","PEANUTS","SORGHUM","SOYBEANS","SUGARBEETS","TOBACCO","WHEAT","crop_sum"
"MN","27145",1,1,0,1,0,0,1,1,0,0,5
"MT","30083",1,1,0,1,0,0,0,1,0,1,5
"ND","38101",1,1,0,1,0,0,1,0,0,1,5
"PA","42001",1,1,0,1,0,0,1,0,0,1,5
"PA","42043",1,1,0,1,0,0,1,0,0,1,5
"PA","42055",1,1,0,1,0,0,1,0,0,1,5
"PA","42057",1,1,0,1,0,0,1,0,0,1,5
"PA","42067",1,1,0,1,0,0,1,0,0,1,5
"PA","42099",1,1,0,1,0,0,1,0,0,1,5
"PA","42107",1,1,0,1,0,0,1,0,0,1,5
"PA","42133",1,1,0,1,0,0,1,0,0,1,5
"AR","05035",0,1,1,0,0,1,1,0,0,1,5
"AR","05077",0,1,1,0,0,1,1,0,0,1,5
"GA","13031",0,1,1,0,1,0,1,0,0,1,5
"GA","13033",0,1,1,0,1,0,1,0,0,1,5
"GA","13163",0,1,1,0,1,0,1,0,0,1,5
"GA","13175",0,1,1,0,1,0,1,0,0,1,5
"GA","13243",0,1,1,0,1,0,1,0,0,1,5
"GA","13251",0,1,1,0,1,0,1,0,0,1,5
"GA","13273",0,1,1,0,1,0,1,0,0,1,5
"KS","20151",0,1,1,0,0,1,1,0,0,1,5
"KS","20191",0,1,1,0,0,1,1,0,0,1,5
"MI","26151",0,1,0,1,0,0,1,1,0,1,5
"MI","26157",0,1,0,1,0,0,1,1,0,1,5
"MO","29143",0,1,1,0,0,1,1,0,0,1,5
"NE","31067",0,1,0,1,0,1,1,0,0,1,5
"NC","37015",0,1,1,0,1,0,1,0,0,1,5
"NC","37041",0,1,1,0,1,0,1,0,0,1,5
"NC","37047",0,1,1,0,1,0,1,0,0,1,5
"NC","37065",0,1,1,0,1,0,1,0,0,1,5
"NC","37073",0,1,1,0,1,0,1,0,0,1,5
"NC","37083",0,1,1,0,1,0,1,0,0,1,5
"NC","37117",0,1,1,0,1,0,1,0,0,1,5
"NC","37131",0,1,1,0,1,0,1,0,0,1,5
"NC","37143",0,1,1,0,1,0,1,0,0,1,5
"NC","37147",0,1,1,0,1,0,1,0,0,1,5
"NC","37155",0,1,1,0,1,0,1,0,0,1,5
"SC","45009",0,1,1,0,1,0,1,0,0,1,5
"SC","45031",0,1,1,0,1,0,1,0,0,1,5
"SC","45041",0,1,1,0,1,0,1,0,0,1,5
"SC","45049",0,1,1,0,1,0,1,0,0,1,5
"SC","45051",0,1,1,0,1,0,1,0,0,1,5
"SC","45075",0,1,1,0,1,0,1,0,0,1,5
"SD","46065",0,1,0,1,0,1,1,0,0,1,5
"SD","46123",0,1,0,1,0,1,1,0,0,1,5
"TX","48027",0,1,1,1,0,1,0,0,0,1,5
"TX","48309",0,1,1,1,0,1,0,0,0,1,5
"TX","48325",0,1,1,1,0,1,0,0,0,1,5
"TX","48331",0,1,1,1,0,1,0,0,0,1,5
"TX","48463",0,1,1,1,0,1,0,0,0,1,5
"VA","51081",0,1,1,0,1,0,1,0,0,1,5
"VA","51093",0,1,1,0,1,0,1,0,0,1,5
"VA","51175",0,1,1,0,1,0,1,0,0,1,5
"VA","51183",0,1,1,0,1,0,1,0,0,1,5
"VA","51800",0,1,1,0,1,0,1,0,0,1,5
"CO","08123",1,1,0,0,0,0,0,1,0,1,4
"ID","16027",1,1,0,0,0,0,0,1,0,1,4
"MD","24013",1,1,0,0,0,0,1,0,0,1,4
"MD","24019",1,1,0,0,0,0,1,0,0,1,4
"MD","24021",1,1,0,0,0,0,1,0,0,1,4
"MD","24043",1,1,0,0,0,0,1,0,0,1,4
"MN","27089",1,1,0,0,0,0,1,1,0,0,4
"MN","27107",1,1,0,0,0,0,1,1,0,0,4
"MN","27119",1,1,0,0,0,0,1,1,0,0,4
"MT","30003",1,0,0,1,0,0,0,1,0,1,4
"MT","30009",1,1,0,0,0,0,0,1,0,1,4
"MT","30111",1,1,0,0,0,0,0,1,0,1,4
"ND","38003",1,1,0,1,0,0,1,0,0,0,4
"ND","38005",1,1,0,1,0,0,1,0,0,0,4
"ND","38015",1,1,0,1,0,0,1,0,0,0,4
"ND","38029",1,1,0,0,0,0,1,0,0,1,4
"ND","38035",1,1,0,0,0,0,1,1,0,0,4
"ND","38043",1,1,0,1,0,0,1,0,0,0,4
"ND","38049",1,1,0,1,0,0,1,0,0,0,4
"ND","38067",1,1,0,0,0,0,1,1,0,0,4
"ND","38079",1,1,0,1,0,0,1,0,0,0,4
"ND","38093",1,1,0,1,0,0,1,0,0,0,4
"ND","38097",1,1,0,0,0,0,1,1,0,0,4
"ND","38099",1,1,0,0,0,0,1,1,0,0,4
"ND","38103",1,1,0,1,0,0,1,0,0,0,4
"PA","42071",1,1,0,0,0,0,1,0,0,1,4
"PA","42075",1,1,0,0,0,0,1,0,0,1,4
"VA","51007",1,1,0,0,0,0,1,0,0,1,4
"VA","51047",1,1,0,0,0,0,1,0,0,1,4
"VA","51061",1,1,0,0,0,0,1,0,0,1,4
"VA","51137",1,1,0,0,0,0,1,0,0,1,4
"VA","51165",1,1,0,0,0,0,1,0,0,1,4
"AL","01003",0,1,1,0,1,0,1,0,0,0,4
"AL","01053",0,1,1,0,1,0,1,0,0,0,4
"AL","01069",0,1,1,0,1,0,1,0,0,0,4
"AR","05003",0,1,1,0,0,0,1,0,0,1,4
"AR","05021",0,1,1,0,0,0,1,0,0,1,4
"AR","05031",0,1,1,0,0,0,1,0,0,1,4
"AR","05041",0,1,1,0,0,0,1,0,0,1,4
"AR","05069",0,1,1,0,0,0,1,0,0,1,4
"AR","05079",0,1,1,0,0,0,1,0,0,1,4
"AR","05095",0,1,1,0,0,0,1,0,0,1,4
"AR","05107",0,1,1,0,0,0,1,0,0,1,4
"AR","05111",0,1,1,0,0,0,1,0,0,1,4
"AR","05123",0,1,1,0,0,0,1,0,0,1,4
"GA","13001",0,1,1,0,1,0,1,0,0,0,4
"GA","13027",0,1,1,0,1,0,1,0,0,0,4
"GA","13107",0,1,1,0,1,0,1,0,0,0,4
"GA","13131",0,1,1,0,1,0,1,0,0,0,4
"GA","13165",0,1,1,0,1,0,1,0,0,0,4
"GA","13193",0,1,1,0,0,0,1,0,0,1,4
"GA","13253",0,1,1,0,1,0,0,0,0,1,4
"GA","13275",0,1,1,0,1,0,1,0,0,0,4
"GA","13277",0,1,1,0,1,0,0,0,0,1,4
"IL","17037",0,1,0,1,0,0,1,0,0,1,4
"IL","17073",0,1,0,1,0,0,1,0,0,1,4
"IL","17177",0,1,0,1,0,0,1,0,0,1,4
"IL","17191",0,1,0,0,0,1,1,0,0,1,4
"IL","17201",0,1,0,1,0,0,1,0,0,1,4
"KS","20009",0,1,0,0,0,1,1,0,0,1,4
"KS","20015",0,1,0,0,0,1,1,0,0,1,4
"KS","20023",0,1,0,0,0,1,1,0,0,1,4
"KS","20027",0,1,0,0,0,1,1,0,0,1,4
"KS","20029",0,1,0,0,0,1,1,0,0,1,4
"KS","20035",0,1,0,0,0,1,1,0,0,1,4
"KS","20041",0,1,0,0,0,1,1,0,0,1,4
"KS","20047",0,1,0,0,0,1,1,0,0,1,4
"KS","20061",0,1,0,0,0,1,1,0,0,1,4
"KS","20069",0,1,0,0,0,1,1,0,0,1,4
"KS","20073",0,1,0,0,0,1,1,0,0,1,4
"KS","20079",0,1,0,0,0,1,1,0,0,1,4
"KS","20081",0,1,0,0,0,1,1,0,0,1,4
"KS","20089",0,1,0,0,0,1,1,0,0,1,4
"KS","20095",0,1,0,0,0,1,1,0,0,1,4
"KS","20099",0,1,0,0,0,1,1,0,0,1,4
"KS","20105",0,1,0,0,0,1,1,0,0,1,4
"KS","20113",0,1,0,0,0,1,1,0,0,1,4
"KS","20115",0,1,0,0,0,1,1,0,0,1,4
"KS","20121",0,1,0,0,0,1,1,0,0,1,4
"KS","20123",0,1,0,0,0,1,1,0,0,1,4
"KS","20127",0,1,0,0,0,1,1,0,0,1,4
"KS","20133",0,1,0,0,0,1,1,0,0,1,4
"KS","20139",0,1,0,0,0,1,1,0,0,1,4
"KS","20141",0,1,0,0,0,1,1,0,0,1,4
"KS","20143",0,1,0,0,0,1,1,0,0,1,4
"KS","20145",0,1,0,0,0,1,1,0,0,1,4
"KS","20147",0,1,0,0,0,1,1,0,0,1,4
"KS","20155",0,1,0,0,0,1,1,0,0,1,4
"KS","20157",0,1,0,0,0,1,1,0,0,1,4
"KS","20159",0,1,0,0,0,1,1,0,0,1,4
"KS","20161",0,1,0,0,0,1,1,0,0,1,4
"KS","20163",0,1,0,0,0,1,1,0,0,1,4
"KS","20169",0,1,0,0,0,1,1,0,0,1,4
"KS","20173",0,1,0,0,0,1,1,0,0,1,4
"KS","20175",0,1,0,0,0,1,1,0,0,1,4
"KS","20183",0,1,0,0,0,1,1,0,0,1,4
"KS","20189",0,1,0,0,0,1,1,0,0,1,4
"KS","20201",0,1,0,0,0,1,1,0,0,1,4
"KS","20207",0,1,0,0,0,1,1,0,0,1,4
"KY","21017",0,1,0,0,0,0,1,0,1,1,4
"KY","21027",0,1,0,0,0,0,1,0,1,1,4
"KY","21033",0,1,0,0,0,0,1,0,1,1,4
"KY","21047",0,1,0,0,0,0,1,0,1,1,4
"KY","21059",0,1,0,0,0,0,1,0,1,1,4
"KY","21067",0,1,0,0,0,0,1,0,1,1,4
"KY","21093",0,1,0,0,0,0,1,0,1,1,4
"KY","21101",0,1,0,0,0,0,1,0,1,1,4
"KY","21103",0,1,0,0,0,0,1,0,1,1,4
"KY","21123",0,1,0,0,0,0,1,0,1,1,4
"KY","21137",0,1,0,0,0,0,1,0,1,1,4
"KY","21141",0,1,0,0,0,0,1,0,1,1,4
"KY","21155",0,1,0,0,0,0,1,0,1,1,4
"KY","21163",0,1,0,0,0,0,1,0,1,1,4
"KY","21179",0,1,0,0,0,0,1,0,1,1,4
"KY","21199",0,1,0,0,0,0,1,0,1,1,4
"KY","21211",0,1,0,0,0,0,1,0,1,1,4
"KY","21219",0,1,0,0,0,0,1,0,1,1,4
"LA","22009",0,1,1,0,0,1,1,0,0,0,4
"LA","22025",0,1,1,0,0,1,1,0,0,0,4
"LA","22029",0,1,1,0,0,1,1,0,0,0,4
"LA","22079",0,1,1,0,0,1,1,0,0,0,4
"MI","26005",0,1,0,1,0,0,1,0,0,1,4
"MI","26007",0,1,0,1,0,0,1,0,0,1,4
"MI","26011",0,1,0,0,0,0,1,1,0,1,4
"MI","26017",0,1,0,0,0,0,1,1,0,1,4
"MI","26051",0,1,0,1,0,0,1,0,0,1,4
"MI","26057",0,1,0,0,0,0,1,1,0,1,4
"MI","26059",0,1,0,1,0,0,1,0,0,1,4
"MI","26063",0,1,0,1,0,0,1,1,0,0,4
"MI","26067",0,1,0,1,0,0,1,0,0,1,4
"MI","26073",0,1,0,1,0,0,1,0,0,1,4
"MI","26075",0,1,0,1,0,0,1,0,0,1,4
"MI","26081",0,1,0,1,0,0,1,0,0,1,4
"MI","26105",0,1,0,1,0,0,1,0,0,1,4
"MI","26107",0,1,0,1,0,0,1,0,0,1,4
"MI","26111",0,1,0,0,0,0,1,1,0,1,4
"MI","26117",0,1,0,1,0,0,1,0,0,1,4
"MI","26123",0,1,0,1,0,0,1,0,0,1,4
"MI","26129",0,1,0,1,0,0,1,0,0,1,4
"MI","26141",0,1,0,1,0,0,1,0,0,1,4
"MI","26145",0,1,0,0,0,0,1,1,0,1,4
"MI","26147",0,1,0,0,0,0,1,1,0,1,4
"MI","26155",0,1,0,1,0,0,1,0,0,1,4
"MI","26161",0,1,0,1,0,0,1,0,0,1,4
"MN","27005",0,1,0,1,0,0,1,1,0,0,4
"MN","27027",0,1,0,1,0,0,1,1,0,0,4
"MN","27085",0,1,0,1,0,0,1,1,0,0,4
"MN","27093",0,1,0,1,0,0,1,1,0,0,4
"MN","27111",0,1,0,1,0,0,1,1,0,0,4
"MN","27129",0,1,0,1,0,0,1,1,0,0,4
"MN","27151",0,1,0,1,0,0,1,1,0,0,4
"MS","28011",0,1,1,0,0,0,1,0,0,1,4
"MS","28027",0,1,1,0,0,0,1,0,0,1,4
"MS","28053",0,1,1,0,0,0,1,0,0,1,4
"MS","28083",0,1,1,0,0,0,1,0,0,1,4
"MS","28119",0,1,1,0,0,0,1,0,0,1,4
"MS","28133",0,1,1,0,0,0,1,0,0,1,4
"MS","28135",0,1,1,0,0,0,1,0,0,1,4
"MS","28137",0,1,1,0,0,0,1,0,0,1,4
"MS","28143",0,1,1,0,0,0,1,0,0,1,4
"MS","28151",0,1,1,0,0,0,1,0,0,1,4
"MS","28163",0,1,1,0,0,0,1,0,0,1,4
"MO","29007",0,1,0,0,0,1,1,0,0,1,4
"MO","29019",0,1,0,0,0,1,1,0,0,1,4
"MO","29069",0,1,1,0,0,0,1,0,0,1,4
"MO","29155",0,1,1,0,0,0,1,0,0,1,4
"MO","29207",0,1,1,0,0,0,1,0,0,1,4
"NE","31029",0,1,0,0,0,0,1,1,0,1,4
"NE","31059",0,1,0,0,0,1,1,0,0,1,4
"NE","31063",0,1,0,0,0,1,1,0,0,1,4
"NE","31095",0,1,0,0,0,1,1,0,0,1,4
"NE","31101",0,1,0,0,0,0,1,1,0,1,4
"NE","31129",0,1,0,0,0,1,1,0,0,1,4
"NE","31133",0,1,0,0,0,1,1,0,0,1,4
"NE","31145",0,1,0,0,0,1,1,0,0,1,4
"NE","31155",0,1,0,1,0,0,1,0,0,1,4
"NE","31161",0,1,0,1,0,0,0,1,0,1,4
"NE","31169",0,1,0,0,0,1,1,0,0,1,4
"NE","31181",0,1,0,0,0,1,1,0,0,1,4
"NY","36011",0,1,0,1,0,0,1,0,0,1,4
"NY","36037",0,1,0,1,0,0,1,0,0,1,4
"NY","36051",0,1,0,1,0,0,1,0,0,1,4
"NY","36063",0,1,0,1,0,0,1,0,0,1,4
"NY","36065",0,1,0,1,0,0,1,0,0,1,4
"NY","36067",0,1,0,1,0,0,1,0,0,1,4
"NY","36069",0,1,0,1,0,0,1,0,0,1,4
"NY","36073",0,1,0,1,0,0,1,0,0,1,4
"NY","36099",0,1,0,1,0,0,1,0,0,1,4
"NY","36101",0,1,0,1,0,0,1,0,0,1,4
"NY","36117",0,1,0,1,0,0,1,0,0,1,4
"NY","36123",0,1,0,1,0,0,1,0,0,1,4
"NC","37013",0,1,1,0,0,0,1,0,0,1,4
"NC","37049",0,1,1,0,0,0,1,0,0,1,4
"NC","37051",0,1,1,0,0,0,1,0,0,1,4
"NC","37061",0,1,1,0,0,0,1,0,0,1,4
"NC","37079",0,1,1,0,0,0,1,0,0,1,4
"NC","37085",0,1,1,0,0,0,1,0,0,1,4
"NC","37091",0,1,1,0,1,0,1,0,0,0,4
"NC","37093",0,1,1,0,0,0,1,0,0,1,4
"NC","37101",0,1,1,0,0,0,1,0,0,1,4
"NC","37103",0,1,1,0,0,0,1,0,0,1,4
"NC","37107",0,1,1,0,0,0,1,0,0,1,4
"NC","37163",0,1,1,0,0,0,1,0,0,1,4
"NC","37167",0,1,1,0,0,0,1,0,0,1,4
"NC","37191",0,1,1,0,0,0,1,0,0,1,4
"NC","37195",0,1,1,0,0,0,1,0,0,1,4
"OH","39005",0,1,0,1,0,0,1,0,0,1,4
"OH","39007",0,1,0,1,0,0,1,0,0,1,4
"OH","39019",0,1,0,1,0,0,1,0,0,1,4
"OH","39031",0,1,0,1,0,0,1,0,0,1,4
"OH","39075",0,1,0,1,0,0,1,0,0,1,4
"OH","39083",0,1,0,1,0,0,1,0,0,1,4
"OH","39155",0,1,0,1,0,0,1,0,0,1,4
"OH","39169",0,1,0,1,0,0,1,0,0,1,4
"OK","40003",0,1,0,0,0,1,1,0,0,1,4
"OK","40047",0,1,0,0,0,1,1,0,0,1,4
"OK","40053",0,1,0,0,0,1,1,0,0,1,4
"OK","40071",0,1,0,0,0,1,1,0,0,1,4
"OK","40103",0,1,0,0,0,1,1,0,0,1,4
"OK","40145",0,1,0,0,0,1,1,0,0,1,4
"PA","42005",0,1,0,1,0,0,1,0,0,1,4
"PA","42011",0,1,0,1,0,0,1,0,0,1,4
"PA","42019",0,1,0,1,0,0,1,0,0,1,4
"PA","42027",0,1,0,1,0,0,1,0,0,1,4
"PA","42037",0,1,0,1,0,0,1,0,0,1,4
"PA","42039",0,1,0,1,0,0,1,0,0,1,4
"PA","42041",0,1,0,1,0,0,1,0,0,1,4
"PA","42061",0,1,0,1,0,0,1,0,0,1,4
"PA","42073",0,1,0,1,0,0,1,0,0,1,4
"PA","42077",0,1,0,1,0,0,1,0,0,1,4
"PA","42079",0,1,0,1,0,0,1,0,0,1,4
"PA","42095",0,1,0,1,0,0,1,0,0,1,4
"PA","42097",0,1,0,1,0,0,1,0,0,1,4
"PA","42109",0,1,0,1,0,0,1,0,0,1,4
"SC","45003",0,1,1,0,0,0,1,0,0,1,4
"SC","45005",0,1,0,0,1,0,1,0,0,1,4
"SC","45011",0,1,1,0,1,0,1,0,0,0,4
"SC","45017",0,1,1,0,1,0,1,0,0,0,4
"SC","45027",0,1,1,0,0,0,1,0,0,1,4
"SC","45033",0,1,1,0,0,0,1,0,0,1,4
"SC","45061",0,1,1,0,0,0,1,0,0,1,4
"SC","45067",0,1,1,0,1,0,1,0,0,0,4
"SC","45069",0,1,1,0,0,0,1,0,0,1,4
"SC","45085",0,1,1,0,0,0,1,0,0,1,4
"SD","46003",0,1,0,1,0,0,1,0,0,1,4
"SD","46011",0,1,0,1,0,0,1,0,0,1,4
"SD","46015",0,1,0,1,0,0,1,0,0,1,4
"SD","46023",0,1,0,1,0,0,1,0,0,1,4
"SD","46043",0,1,0,1,0,0,1,0,0,1,4
"SD","46051",0,1,0,1,0,0,1,0,0,1,4
"SD","46059",0,1,0,1,0,0,1,0,0,1,4
"SD","46067",0,1,0,1,0,0,1,0,0,1,4
"SD","46077",0,1,0,1,0,0,1,0,0,1,4
"SD","46085",0,1,0,0,0,1,1,0,0,1,4
"SD","46097",0,1,0,1,0,0,1,0,0,1,4
"SD","46107",0,1,0,1,0,0,1,0,0,1,4
"SD","46125",0,1,0,1,0,0,1,0,0,1,4
"SD","46135",0,1,0,1,0,0,1,0,0,1,4
"TN","47017",0,1,1,0,0,0,1,0,0,1,4
"TN","47033",0,1,1,0,0,0,1,0,0,1,4
"TN","47045",0,1,1,0,0,0,1,0,0,1,4
"TN","47047",0,1,1,0,0,0,1,0,0,1,4
"TN","47053",0,1,1,0,0,0,1,0,0,1,4
"TN","47069",0,1,1,0,0,0,1,0,0,1,4
"TN","47075",0,1,1,0,0,0,1,0,0,1,4
"TN","47095",0,1,1,0,0,0,1,0,0,1,4
"TN","47097",0,1,1,0,0,0,1,0,0,1,4
"TN","47113",0,1,1,0,0,0,1,0,0,1,4
"TN","47125",0,1,0,0,0,0,1,0,1,1,4
"TN","47147",0,1,0,0,0,0,1,0,1,1,4
"TN","47165",0,1,0,0,0,0,1,0,1,1,4
"TN","47167",0,1,1,0,0,0,1,0,0,1,4
"TX","48029",0,1,0,1,0,1,0,0,0,1,4
"TX","48065",0,1,1,0,0,1,0,0,0,1,4
"TX","48069",0,1,1,0,0,1,0,0,0,1,4
"TX","48085",0,1,0,1,0,1,0,0,0,1,4
"TX","48097",0,1,0,1,0,1,0,0,0,1,4
"TX","48117",0,1,1,0,0,1,0,0,0,1,4
"TX","48139",0,1,1,0,0,1,0,0,0,1,4
"TX","48145",0,1,1,0,0,1,0,0,0,1,4
"TX","48147",0,1,0,0,0,1,1,0,0,1,4
"TX","48153",0,1,1,0,0,1,0,0,0,1,4
"TX","48171",0,1,0,1,0,1,0,0,0,1,4
"TX","48179",0,1,1,0,0,1,0,0,0,1,4
"TX","48181",0,1,0,1,0,1,0,0,0,1,4
"TX","48189",0,1,1,0,0,1,0,0,0,1,4
"TX","48217",0,1,1,0,0,1,0,0,0,1,4
"TX","48231",0,1,0,0,0,1,1,0,0,1,4
"TX","48277",0,1,0,0,0,1,1,0,0,1,4
"TX","48279",0,1,1,0,0,1,0,0,0,1,4
"TX","48321",0,1,1,0,0,1,1,0,0,0,4
"TX","48341",0,1,1,0,0,1,0,0,0,1,4
"TX","48349",0,1,1,0,0,1,0,0,0,1,4
"TX","48357",0,1,1,0,0,1,0,0,0,1,4
"TX","48369",0,1,1,0,0,1,0,0,0,1,4
"TX","48421",0,1,1,0,0,1,0,0,0,1,4
"TX","48437",0,1,1,0,0,1,0,0,0,1,4
"TX","48451",0,1,1,0,0,1,0,0,0,1,4
"TX","48469",0,1,1,0,0,1,1,0,0,0,4
"TX","48481",0,1,1,0,0,1,1,0,0,0,4
"TX","48491",0,1,1,0,0,1,0,0,0,1,4
"VA","51181",0,1,0,0,1,0,1,0,0,1,4
"WI","55005",0,1,0,1,0,0,1,0,0,1,4
"WI","55009",0,1,0,1,0,0,1,0,0,1,4
"WI","55015",0,1,0,1,0,0,1,0,0,1,4
"WI","55019",0,1,0,1,0,0,1,0,0,1,4
"WI","55021",0,1,0,1,0,0,1,0,0,1,4
"WI","55025",0,1,0,1,0,0,1,0,0,1,4
"WI","55027",0,1,0,1,0,0,1,0,0,1,4
"WI","55029",0,1,0,1,0,0,1,0,0,1,4
"WI","55039",0,1,0,1,0,0,1,0,0,1,4
"WI","55043",0,1,0,1,0,0,1,0,0,1,4
"WI","55045",0,1,0,1,0,0,1,0,0,1,4
"WI","55047",0,1,0,1,0,0,1,0,0,1,4
"WI","55049",0,1,0,1,0,0,1,0,0,1,4
"WI","55061",0,1,0,1,0,0,1,0,0,1,4
"WI","55071",0,1,0,1,0,0,1,0,0,1,4
"WI","55073",0,1,0,1,0,0,1,0,0,1,4
"WI","55083",0,1,0,1,0,0,1,0,0,1,4
"WI","55087",0,1,0,1,0,0,1,0,0,1,4
"WI","55089",0,1,0,1,0,0,1,0,0,1,4
"WI","55111",0,1,0,1,0,0,1,0,0,1,4
"WI","55115",0,1,0,1,0,0,1,0,0,1,4
"WI","55117",0,1,0,1,0,0,1,0,0,1,4
"WI","55131",0,1,0,1,0,0,1,0,0,1,4
"WI","55135",0,1,0,1,0,0,1,0,0,1,4
"GA","13093",0,0,1,0,1,0,1,0,0,1,4
"OK","40015",0,0,1,0,1,1,0,0,0,1,4
"OK","40039",0,0,1,0,1,1,0,0,0,1,4
"TX","48115",0,0,1,0,1,1,0,0,0,1,4
"ID","16031",1,0,0,0,0,0,0,1,0,1,3
"ID","16053",1,0,0,0,0,0,0,1,0,1,3
"ID","16067",1,0,0,0,0,0,0,1,0,1,3
"ID","16073",1,1,0,0,0,0,0,1,0,0,3
"ID","16083",1,0,0,0,0,0,0,1,0,1,3
"ID","16087",1,0,0,0,0,0,0,1,0,1,3
"MN","27069",1,0,0,0,0,0,1,1,0,0,3
"MN","27113",1,0,0,1,0,0,1,0,0,0,3
"MT","30021",1,0,0,1,0,0,0,1,0,0,3
"MT","30027",1,0,0,1,0,0,0,0,0,1,3
"MT","30041",1,0,0,1,0,0,0,0,0,1,3
"MT","30045",1,0,0,1,0,0,0,0,0,1,3
"MT","30047",1,0,0,1,0,0,0,0,0,1,3
"ND","38009",1,1,0,0,0,0,1,0,0,0,3
"ND","38017",1,1,0,0,0,0,1,0,0,0,3
"ND","38025",1,1,0,0,0,0,0,0,0,1,3
"ND","38027",1,1,0,0,0,0,1,0,0,0,3
"ND","38031",1,1,0,0,0,0,1,0,0,0,3
"ND","38039",1,1,0,0,0,0,1,0,0,0,3
"ND","38047",1,1,0,0,0,0,1,0,0,0,3
"ND","38051",1,1,0,0,0,0,1,0,0,0,3
"ND","38053",1,1,0,0,0,0,0,1,0,0,3
"ND","38063",1,1,0,0,0,0,1,0,0,0,3
"ND","38069",1,1,0,0,0,0,1,0,0,0,3
"ND","38071",1,1,0,0,0,0,1,0,0,0,3
"ND","38091",1,1,0,0,0,0,1,0,0,0,3
"OR","41061",1,0,0,0,0,0,0,1,0,1,3
"VA","51139",1,1,0,0,0,0,1,0,0,0,3
"VA","51171",1,1,0,0,0,0,1,0,0,0,3
"AL","01005",0,1,1,0,1,0,0,0,0,0,3
"AL","01015",0,1,1,0,0,0,1,0,0,0,3
"AL","01019",0,1,1,0,0,0,1,0,0,0,3
"AL","01031",0,1,1,0,1,0,0,0,0,0,3
"AL","01033",0,1,1,0,0,0,1,0,0,0,3
"AL","01039",0,1,1,0,1,0,0,0,0,0,3
"AL","01045",0,1,1,0,1,0,0,0,0,0,3
"AL","01047",0,1,1,0,0,0,1,0,0,0,3
"AL","01055",0,1,1,0,0,0,1,0,0,0,3
"AL","01061",0,1,1,0,1,0,0,0,0,0,3
"AL","01067",0,1,1,0,1,0,0,0,0,0,3
"AL","01077",0,1,1,0,0,0,1,0,0,0,3
"AL","01079",0,1,1,0,0,0,1,0,0,0,3
"AL","01083",0,1,1,0,0,0,1,0,0,0,3
"AL","01089",0,1,1,0,0,0,1,0,0,0,3
"AL","01099",0,1,1,0,1,0,0,0,0,0,3
"AL","01109",0,1,1,0,1,0,0,0,0,0,3
"AL","01121",0,1,1,0,0,0,1,0,0,0,3
"AL","01125",0,1,1,0,0,0,1,0,0,0,3
"AR","05001",0,1,0,0,0,0,1,0,0,1,3
"AR","05017",0,1,1,0,0,0,1,0,0,0,3
"AR","05029",0,1,0,0,0,0,1,0,0,1,3
"AR","05043",0,1,1,0,0,0,1,0,0,0,3
"AR","05055",0,1,0,0,0,0,1,0,0,1,3
"AR","05067",0,1,0,0,0,0,1,0,0,1,3
"AR","05085",0,1,0,0,0,0,1,0,0,1,3
"AR","05093",0,1,1,0,0,0,1,0,0,0,3
"AR","05117",0,1,0,0,0,0,1,0,0,1,3
"AR","05147",0,1,0,0,0,0,1,0,0,1,3
"CO","08061",0,1,0,0,0,1,0,0,0,1,3
"CO","08075",0,1,0,0,0,0,0,1,0,1,3
"CO","08095",0,1,0,0,0,0,0,1,0,1,3
"CO","08099",0,1,0,0,0,1,0,0,0,1,3
"CO","08115",0,1,0,0,0,0,0,1,0,1,3
"CO","08121",0,1,0,0,0,0,0,1,0,1,3
"CO","08125",0,1,0,0,0,0,0,1,0,1,3
"GA","13003",0,1,1,0,1,0,0,0,0,0,3
"GA","13007",0,1,1,0,1,0,0,0,0,0,3
"GA","13017",0,1,1,0,1,0,0,0,0,0,3
"GA","13019",0,1,1,0,1,0,0,0,0,0,3
"GA","13023",0,1,1,0,1,0,0,0,0,0,3
"GA","13037",0,1,1,0,1,0,0,0,0,0,3
"GA","13071",0,1,1,0,1,0,0,0,0,0,3
"GA","13075",0,1,1,0,1,0,0,0,0,0,3
"GA","13087",0,1,1,0,1,0,0,0,0,0,3
"GA","13099",0,1,1,0,1,0,0,0,0,0,3
"GA","13155",0,1,1,0,1,0,0,0,0,0,3
"GA","13161",0,1,1,0,1,0,0,0,0,0,3
"GA","13197",0,1,0,0,1,0,1,0,0,0,3
"GA","13201",0,1,1,0,1,0,0,0,0,0,3
"GA","13205",0,1,1,0,1,0,0,0,0,0,3
"GA","13229",0,1,1,0,0,0,1,0,0,0,3
"GA","13261",0,1,1,0,1,0,0,0,0,0,3
"GA","13287",0,1,1,0,1,0,0,0,0,0,3
"GA","13299",0,1,1,0,0,0,1,0,0,0,3
"GA","13315",0,1,1,0,1,0,0,0,0,0,3
"GA","13321",0,1,1,0,1,0,0,0,0,0,3
"ID","16001",0,1,0,0,0,0,0,1,0,1,3
"IL","17001",0,1,0,0,0,0,1,0,0,1,3
"IL","17003",0,1,0,0,0,0,1,0,0,1,3
"IL","17005",0,1,0,0,0,0,1,0,0,1,3
"IL","17007",0,1,0,0,0,0,1,0,0,1,3
"IL","17009",0,1,0,0,0,0,1,0,0,1,3
"IL","17011",0,1,0,0,0,0,1,0,0,1,3
"IL","17013",0,1,0,0,0,0,1,0,0,1,3
"IL","17015",0,1,0,0,0,0,1,0,0,1,3
"IL","17017",0,1,0,0,0,0,1,0,0,1,3
"IL","17019",0,1,0,0,0,0,1,0,0,1,3
"IL","17021",0,1,0,0,0,0,1,0,0,1,3
"IL","17023",0,1,0,0,0,0,1,0,0,1,3
"IL","17025",0,1,0,0,0,0,1,0,0,1,3
"IL","17027",0,1,0,0,0,0,1,0,0,1,3
"IL","17033",0,1,0,0,0,0,1,0,0,1,3
"IL","17035",0,1,0,0,0,0,1,0,0,1,3
"IL","17045",0,1,0,0,0,0,1,0,0,1,3
"IL","17047",0,1,0,0,0,0,1,0,0,1,3
"IL","17049",0,1,0,0,0,0,1,0,0,1,3
"IL","17051",0,1,0,0,0,0,1,0,0,1,3
"IL","17053",0,1,0,0,0,0,1,0,0,1,3
"IL","17055",0,1,0,0,0,0,1,0,0,1,3
"IL","17057",0,1,0,0,0,0,1,0,0,1,3
"IL","17059",0,1,0,0,0,0,1,0,0,1,3
"IL","17061",0,1,0,0,0,0,1,0,0,1,3
"IL","17065",0,1,0,0,0,0,1,0,0,1,3
"IL","17067",0,1,0,0,0,0,1,0,0,1,3
"IL","17075",0,1,0,0,0,0,1,0,0,1,3
"IL","17077",0,1,0,0,0,0,1,0,0,1,3
"IL","17079",0,1,0,0,0,0,1,0,0,1,3
"IL","17081",0,1,0,0,0,0,1,0,0,1,3
"IL","17083",0,1,0,0,0,0,1,0,0,1,3
"IL","17089",0,1,0,0,0,0,1,0,0,1,3
"IL","17091",0,1,0,0,0,0,1,0,0,1,3
"IL","17095",0,1,0,0,0,0,1,0,0,1,3
"IL","17097",0,1,0,0,0,0,1,0,0,1,3
"IL","17099",0,1,0,0,0,0,1,0,0,1,3
"IL","17101",0,1,0,0,0,0,1,0,0,1,3
"IL","17103",0,1,0,0,0,0,1,0,0,1,3
"IL","17105",0,1,0,0,0,0,1,0,0,1,3
"IL","17111",0,1,0,0,0,0,1,0,0,1,3
"IL","17113",0,1,0,0,0,0,1,0,0,1,3
"IL","17117",0,1,0,0,0,0,1,0,0,1,3
"IL","17119",0,1,0,0,0,0,1,0,0,1,3
"IL","17121",0,1,0,0,0,0,1,0,0,1,3
"IL","17123",0,1,0,0,0,0,1,0,0,1,3
"IL","17125",0,1,0,0,0,0,1,0,0,1,3
"IL","17127",0,1,0,0,0,0,1,0,0,1,3
"IL","17129",0,1,0,0,0,0,1,0,0,1,3
"IL","17133",0,1,0,0,0,0,1,0,0,1,3
"IL","17135",0,1,0,0,0,0,1,0,0,1,3
"IL","17137",0,1,0,0,0,0,1,0,0,1,3
"IL","17141",0,1,0,0,0,0,1,0,0,1,3
"IL","17143",0,1,0,0,0,0,1,0,0,1,3
"IL","17145",0,1,0,0,0,0,1,0,0,1,3
"IL","17149",0,1,0,0,0,0,1,0,0,1,3
"IL","17153",0,1,0,0,0,0,1,0,0,1,3
"IL","17159",0,1,0,0,0,0,1,0,0,1,3
"IL","17163",0,1,0,0,0,0,1,0,0,1,3
"IL","17165",0,1,0,0,0,0,1,0,0,1,3
"IL","17167",0,1,0,0,0,0,1,0,0,1,3
"IL","17169",0,1,0,0,0,0,1,0,0,1,3
"IL","17171",0,1,0,0,0,0,1,0,0,1,3
"IL","17173",0,1,0,0,0,0,1,0,0,1,3
"IL","17179",0,1,0,0,0,0,1,0,0,1,3
"IL","17181",0,1,0,0,0,0,1,0,0,1,3
"IL","17183",0,1,0,0,0,0,1,0,0,1,3
"IL","17185",0,1,0,0,0,0,1,0,0,1,3
"IL","17189",0,1,0,0,0,0,1,0,0,1,3
"IL","17193",0,1,0,0,0,0,1,0,0,1,3
"IL","17195",0,1,0,0,0,0,1,0,0,1,3
"IL","17197",0,1,0,0,0,0,1,0,0,1,3
"IL","17203",0,1,0,0,0,0,1,0,0,1,3
"IN","18001",0,1,0,0,0,0,1,0,0,1,3
"IN","18003",0,1,0,0,0,0,1,0,0,1,3
"IN","18005",0,1,0,0,0,0,1,0,0,1,3
"IN","18011",0,1,0,0,0,0,1,0,0,1,3
"IN","18015",0,1,0,0,0,0,1,0,0,1,3
"IN","18017",0,1,0,0,0,0,1,0,0,1,3
"IN","18019",0,1,0,0,0,0,1,0,0,1,3
"IN","18021",0,1,0,0,0,0,1,0,0,1,3
"IN","18023",0,1,0,0,0,0,1,0,0,1,3
"IN","18027",0,1,0,0,0,0,1,0,0,1,3
"IN","18031",0,1,0,0,0,0,1,0,0,1,3
"IN","18033",0,1,0,0,0,0,1,0,0,1,3
"IN","18035",0,1,0,0,0,0,1,0,0,1,3
"IN","18037",0,1,0,0,0,0,1,0,0,1,3
"IN","18039",0,1,0,0,0,0,1,0,0,1,3
"IN","18047",0,1,0,0,0,0,1,0,0,1,3
"IN","18049",0,1,0,0,0,0,1,0,0,1,3
"IN","18051",0,1,0,0,0,0,1,0,0,1,3
"IN","18053",0,1,0,0,0,0,1,0,0,1,3
"IN","18057",0,1,0,0,0,0,1,0,0,1,3
"IN","18059",0,1,0,0,0,0,1,0,0,1,3
"IN","18061",0,1,0,0,0,0,1,0,0,1,3
"IN","18063",0,1,0,0,0,0,1,0,0,1,3
"IN","18065",0,1,0,0,0,0,1,0,0,1,3
"IN","18067",0,1,0,0,0,0,1,0,0,1,3
"IN","18069",0,1,0,0,0,0,1,0,0,1,3
"IN","18071",0,1,0,0,0,0,1,0,0,1,3
"IN","18075",0,1,0,0,0,0,1,0,0,1,3
"IN","18079",0,1,0,0,0,0,1,0,0,1,3
"IN","18081",0,1,0,0,0,0,1,0,0,1,3
"IN","18083",0,1,0,0,0,0,1,0,0,1,3
"IN","18085",0,1,0,0,0,0,1,0,0,1,3
"IN","18087",0,1,0,0,0,0,1,0,0,1,3
"IN","18089",0,1,0,0,0,0,1,0,0,1,3
"IN","18091",0,1,0,0,0,0,1,0,0,1,3
"IN","18095",0,1,0,0,0,0,1,0,0,1,3
"IN","18103",0,1,0,0,0,0,1,0,0,1,3
"IN","18107",0,1,0,0,0,0,1,0,0,1,3
"IN","18113",0,1,0,0,0,0,1,0,0,1,3
"IN","18119",0,1,0,0,0,0,1,0,0,1,3
"IN","18127",0,1,0,0,0,0,1,0,0,1,3
"IN","18129",0,1,0,0,0,0,1,0,0,1,3
"IN","18135",0,1,0,0,0,0,1,0,0,1,3
"IN","18137",0,1,0,0,0,0,1,0,0,1,3
"IN","18139",0,1,0,0,0,0,1,0,0,1,3
"IN","18145",0,1,0,0,0,0,1,0,0,1,3
"IN","18147",0,1,0,0,0,0,1,0,0,1,3
"IN","18151",0,1,0,0,0,0,1,0,0,1,3
"IN","18153",0,1,0,0,0,0,1,0,0,1,3
"IN","18157",0,1,0,0,0,0,1,0,0,1,3
"IN","18159",0,1,0,0,0,0,1,0,0,1,3
"IN","18163",0,1,0,0,0,0,1,0,0,1,3
"IN","18169",0,1,0,0,0,0,1,0,0,1,3
"IN","18173",0,1,0,0,0,0,1,0,0,1,3
"IN","18175",0,1,0,0,0,0,1,0,0,1,3
"IN","18177",0,1,0,0,0,0,1,0,0,1,3
"IN","18179",0,1,0,0,0,0,1,0,0,1,3
"IN","18181",0,1,0,0,0,0,1,0,0,1,3
"IN","18183",0,1,0,0,0,0,1,0,0,1,3
"IA","19005",0,1,0,1,0,0,1,0,0,0,3
"IA","19009",0,1,0,1,0,0,1,0,0,0,3
"IA","19011",0,1,0,1,0,0,1,0,0,0,3
"IA","19015",0,1,0,1,0,0,1,0,0,0,3
"IA","19019",0,1,0,1,0,0,1,0,0,0,3
"IA","19043",0,1,0,1,0,0,1,0,0,0,3
"IA","19045",0,1,0,1,0,0,1,0,0,0,3
"IA","19051",0,1,0,1,0,0,1,0,0,0,3
"IA","19055",0,1,0,1,0,0,1,0,0,0,3
"IA","19061",0,1,0,1,0,0,1,0,0,0,3
"IA","19073",0,1,0,1,0,0,1,0,0,0,3
"IA","19087",0,1,0,1,0,0,1,0,0,0,3
"IA","19095",0,1,0,1,0,0,1,0,0,0,3
"IA","19097",0,1,0,1,0,0,1,0,0,0,3
"IA","19099",0,1,0,1,0,0,1,0,0,0,3
"IA","19103",0,1,0,1,0,0,1,0,0,0,3
"IA","19105",0,1,0,1,0,0,1,0,0,0,3
"IA","19113",0,1,0,1,0,0,1,0,0,0,3
"IA","19119",0,1,0,1,0,0,1,0,0,0,3
"IA","19139",0,1,0,1,0,0,1,0,0,0,3
"IA","19141",0,1,0,1,0,0,1,0,0,0,3
"IA","19149",0,1,0,1,0,0,1,0,0,0,3
"IA","19157",0,1,0,1,0,0,1,0,0,0,3
"IA","19163",0,1,0,1,0,0,1,0,0,0,3
"IA","19165",0,1,0,1,0,0,1,0,0,0,3
"IA","19167",0,1,0,1,0,0,1,0,0,0,3
"IA","19169",0,1,0,1,0,0,1,0,0,0,3
"IA","19171",0,1,0,1,0,0,1,0,0,0,3
"IA","19175",0,1,0,1,0,0,1,0,0,0,3
"IA","19177",0,1,0,1,0,0,1,0,0,0,3
"IA","19183",0,1,0,1,0,0,1,0,0,0,3
"IA","19191",0,1,0,1,0,0,1,0,0,0,3
"IA","19195",0,1,0,1,0,0,1,0,0,0,3
"KS","20001",0,1,0,0,0,0,1,0,0,1,3
"KS","20003",0,1,0,0,0,0,1,0,0,1,3
"KS","20005",0,1,0,0,0,0,1,0,0,1,3
"KS","20011",0,1,0,0,0,0,1,0,0,1,3
"KS","20013",0,1,0,0,0,0,1,0,0,1,3
"KS","20017",0,1,0,0,0,0,1,0,0,1,3
"KS","20019",0,1,0,0,0,0,1,0,0,1,3
"KS","20021",0,1,0,0,0,0,1,0,0,1,3
"KS","20031",0,1,0,0,0,0,1,0,0,1,3
"KS","20037",0,1,0,0,0,0,1,0,0,1,3
"KS","20039",0,1,0,0,0,1,0,0,0,1,3
"KS","20045",0,1,0,0,0,0,1,0,0,1,3
"KS","20049",0,1,0,0,0,0,1,0,0,1,3
"KS","20055",0,1,0,0,0,1,0,0,0,1,3
"KS","20057",0,1,0,0,0,1,0,0,0,1,3
"KS","20059",0,1,0,0,0,0,1,0,0,1,3
"KS","20063",0,1,0,0,0,1,0,0,0,1,3
"KS","20065",0,1,0,0,0,1,0,0,0,1,3
"KS","20067",0,1,0,0,0,1,0,0,0,1,3
"KS","20071",0,1,0,0,0,1,0,0,0,1,3
"KS","20075",0,1,0,0,0,1,0,0,0,1,3
"KS","20085",0,1,0,0,0,0,1,0,0,1,3
"KS","20087",0,1,0,0,0,0,1,0,0,1,3
"KS","20093",0,1,0,0,0,1,0,0,0,1,3
"KS","20097",0,1,0,0,0,0,1,0,0,1,3
"KS","20101",0,1,0,0,0,1,0,0,0,1,3
"KS","20109",0,1,0,0,0,1,0,0,0,1,3
"KS","20111",0,1,0,0,0,0,1,0,0,1,3
"KS","20117",0,1,0,0,0,0,1,0,0,1,3
"KS","20119",0,1,0,0,0,1,1,0,0,0,3
"KS","20125",0,1,0,0,0,0,1,0,0,1,3
"KS","20129",0,1,0,0,0,1,0,0,0,1,3
"KS","20131",0,1,0,0,0,0,1,0,0,1,3
"KS","20135",0,1,0,0,0,1,0,0,0,1,3
"KS","20149",0,1,0,0,0,0,1,0,0,1,3
"KS","20153",0,1,0,0,0,1,0,0,0,1,3
"KS","20165",0,1,0,0,0,0,1,0,0,1,3
"KS","20171",0,1,0,0,0,1,0,0,0,1,3
"KS","20177",0,1,0,0,0,0,1,0,0,1,3
"KS","20181",0,1,0,0,0,1,0,0,0,1,3
"KS","20185",0,1,0,0,0,1,0,0,0,1,3
"KS","20197",0,1,0,0,0,0,1,0,0,1,3
"KS","20203",0,1,0,0,0,1,0,0,0,1,3
"KS","20205",0,1,0,0,0,0,1,0,0,1,3
"KY","21001",0,1,0,0,0,0,1,0,1,0,3
"KY","21007",0,1,0,0,0,0,1,0,0,1,3
"KY","21009",0,1,0,0,0,0,1,0,0,1,3
"KY","21011",0,1,0,0,0,0,1,0,1,0,3
"KY","21015",0,1,0,0,0,0,1,0,1,0,3
"KY","21021",0,1,0,0,0,0,1,0,1,0,3
"KY","21035",0,1,0,0,0,0,1,0,0,1,3
"KY","21039",0,1,0,0,0,0,1,0,0,1,3
"KY","21041",0,1,0,0,0,0,1,0,1,0,3
"KY","21049",0,1,0,0,0,0,1,0,1,0,3
"KY","21055",0,1,0,0,0,0,1,0,0,1,3
"KY","21069",0,1,0,0,0,0,1,0,1,0,3
"KY","21075",0,1,0,0,0,0,1,0,0,1,3
"KY","21083",0,1,0,0,0,0,1,0,0,1,3
"KY","21085",0,1,0,0,0,0,1,0,0,1,3
"KY","21087",0,1,0,0,0,0,1,0,1,0,3
"KY","21097",0,1,0,0,0,0,1,0,1,0,3
"KY","21099",0,1,0,0,0,0,1,0,1,0,3
"KY","21105",0,1,0,0,0,0,1,0,0,1,3
"KY","21113",0,1,0,0,0,0,1,0,1,0,3
"KY","21145",0,1,0,0,0,0,1,0,0,1,3
"KY","21149",0,1,0,0,0,0,1,0,0,1,3
"KY","21157",0,1,0,0,0,0,1,0,0,1,3
"KY","21161",0,1,0,0,0,0,1,0,1,0,3
"KY","21167",0,1,0,0,0,0,1,0,1,0,3
"KY","21169",0,1,0,0,0,0,1,0,1,0,3
"KY","21177",0,1,0,0,0,0,1,0,1,0,3
"KY","21183",0,1,0,0,0,0,1,0,0,1,3
"KY","21185",0,1,0,0,0,0,1,0,0,1,3
"KY","21191",0,1,0,0,0,0,1,0,1,0,3
"KY","21209",0,1,0,0,0,0,1,0,1,0,3
"KY","21213",0,1,0,0,0,0,1,0,0,1,3
"KY","21217",0,1,0,0,0,0,1,0,1,0,3
"KY","21221",0,1,0,0,0,0,1,0,0,1,3
"KY","21223",0,1,0,0,0,0,1,0,1,0,3
"KY","21225",0,1,0,0,0,0,1,0,0,1,3
"KY","21227",0,1,0,0,0,0,1,0,1,0,3
"KY","21229",0,1,0,0,0,0,1,0,1,0,3
"KY","21231",0,1,0,0,0,0,1,0,0,1,3
"KY","21239",0,1,0,0,0,0,1,0,1,0,3
"LA","22017",0,1,1,0,0,0,1,0,0,0,3
"LA","22035",0,1,1,0,0,0,1,0,0,0,3
"LA","22041",0,1,1,0,0,0,1,0,0,0,3
"LA","22065",0,1,1,0,0,0,1,0,0,0,3
"LA","22067",0,1,0,0,0,1,1,0,0,0,3
"LA","22083",0,1,1,0,0,0,1,0,0,0,3
"LA","22097",0,1,0,0,0,1,1,0,0,0,3
"LA","22107",0,1,1,0,0,0,1,0,0,0,3
"MD","24005",0,1,0,0,0,0,1,0,0,1,3
"MD","24011",0,1,0,0,0,0,1,0,0,1,3
"MD","24025",0,1,0,0,0,0,1,0,0,1,3
"MD","24029",0,1,0,0,0,0,1,0,0,1,3
"MD","24031",0,1,0,0,0,0,1,0,0,1,3
"MD","24035",0,1,0,0,0,0,1,0,0,1,3
"MD","24039",0,1,0,0,0,0,1,0,0,1,3
"MD","24041",0,1,0,0,0,0,1,0,0,1,3
"MI","26015",0,1,0,0,0,0,1,0,0,1,3
"MI","26021",0,1,0,0,0,0,1,0,0,1,3
"MI","26023",0,1,0,0,0,0,1,0,0,1,3
"MI","26025",0,1,0,0,0,0,1,0,0,1,3
"MI","26027",0,1,0,0,0,0,1,0,0,1,3
"MI","26037",0,1,0,0,0,0,1,0,0,1,3
"MI","26045",0,1,0,0,0,0,1,0,0,1,3
"MI","26049",0,1,0,0,0,0,1,0,0,1,3
"MI","26055",0,1,0,1,0,0,0,0,0,1,3
"MI","26065",0,1,0,0,0,0,1,0,0,1,3
"MI","26077",0,1,0,0,0,0,1,0,0,1,3
"MI","26091",0,1,0,0,0,0,1,0,0,1,3
"MI","26093",0,1,0,0,0,0,1,0,0,1,3
"MI","26099",0,1,0,0,0,0,1,0,0,1,3
"MI","26115",0,1,0,0,0,0,1,0,0,1,3
"MI","26121",0,1,0,0,0,0,1,0,0,1,3
"MI","26127",0,1,0,0,0,0,1,0,0,1,3
"MI","26139",0,1,0,0,0,0,1,0,0,1,3
"MI","26149",0,1,0,0,0,0,1,0,0,1,3
"MN","27009",0,1,0,1,0,0,1,0,0,0,3
"MN","27015",0,1,0,1,0,0,1,0,0,0,3
"MN","27019",0,1,0,1,0,0,1,0,0,0,3
"MN","27023",0,1,0,0,0,0,1,1,0,0,3
"MN","27025",0,1,0,1,0,0,1,0,0,0,3
"MN","27037",0,1,0,1,0,0,1,0,0,0,3
"MN","27039",0,1,0,1,0,0,1,0,0,0,3
"MN","27041",0,1,0,1,0,0,1,0,0,0,3
"MN","27045",0,1,0,1,0,0,1,0,0,0,3
"MN","27047",0,1,0,1,0,0,1,0,0,0,3
"MN","27049",0,1,0,1,0,0,1,0,0,0,3
"MN","27051",0,1,0,0,0,0,1,1,0,0,3
"MN","27055",0,1,0,1,0,0,1,0,0,0,3
"MN","27065",0,1,0,1,0,0,1,0,0,0,3
"MN","27067",0,1,0,0,0,0,1,1,0,0,3
"MN","27079",0,1,0,1,0,0,1,0,0,0,3
"MN","27087",0,1,0,0,0,0,1,1,0,0,3
"MN","27091",0,1,0,1,0,0,1,0,0,0,3
"MN","27097",0,1,0,1,0,0,1,0,0,0,3
"MN","27101",0,1,0,1,0,0,1,0,0,0,3
"MN","27103",0,1,0,1,0,0,1,0,0,0,3
"MN","27105",0,1,0,1,0,0,1,0,0,0,3
"MN","27109",0,1,0,1,0,0,1,0,0,0,3
"MN","27121",0,1,0,0,0,0,1,1,0,0,3
"MN","27127",0,1,0,0,0,0,1,1,0,0,3
"MN","27131",0,1,0,1,0,0,1,0,0,0,3
"MN","27133",0,1,0,1,0,0,1,0,0,0,3
"MN","27135",0,1,0,1,0,0,1,0,0,0,3
"MN","27139",0,1,0,1,0,0,1,0,0,0,3
"MN","27143",0,1,0,1,0,0,1,0,0,0,3
"MN","27147",0,1,0,1,0,0,1,0,0,0,3
"MN","27149",0,1,0,0,0,0,1,1,0,0,3
"MN","27153",0,1,0,1,0,0,1,0,0,0,3
"MN","27155",0,1,0,0,0,0,1,1,0,0,3
"MN","27157",0,1,0,1,0,0,1,0,0,0,3
"MN","27159",0,1,0,1,0,0,1,0,0,0,3
"MN","27163",0,1,0,1,0,0,1,0,0,0,3
"MN","27167",0,1,0,0,0,0,1,1,0,0,3
"MN","27169",0,1,0,1,0,0,1,0,0,0,3
"MN","27171",0,1,0,1,0,0,1,0,0,0,3
"MN","27173",0,1,0,0,0,0,1,1,0,0,3
"MS","28013",0,1,1,0,0,0,1,0,0,0,3
"MS","28015",0,1,1,0,0,0,1,0,0,0,3
"MS","28033",0,1,0,0,0,0,1,0,0,1,3
"MS","28049",0,1,1,0,0,0,1,0,0,0,3
"MS","28051",0,1,1,0,0,0,1,0,0,0,3
"MS","28055",0,1,1,0,0,0,1,0,0,0,3
"MS","28087",0,1,1,0,0,0,1,0,0,0,3
"MS","28089",0,1,1,0,0,0,1,0,0,0,3
"MS","28095",0,1,1,0,0,0,1,0,0,0,3
"MS","28103",0,1,1,0,0,0,1,0,0,0,3
"MS","28107",0,1,1,0,0,0,1,0,0,0,3
"MS","28125",0,1,1,0,0,0,1,0,0,0,3
"MO","29001",0,1,0,0,0,0,1,0,0,1,3
"MO","29003",0,1,0,0,0,0,1,0,0,1,3
"MO","29011",0,1,0,0,0,0,1,0,0,1,3
"MO","29015",0,1,0,0,0,0,1,0,0,1,3
"MO","29017",0,1,0,0,0,0,1,0,0,1,3
"MO","29021",0,1,0,0,0,0,1,0,0,1,3
"MO","29023",0,1,0,0,0,0,1,0,0,1,3
"MO","29025",0,1,0,0,0,0,1,0,0,1,3
"MO","29027",0,1,0,0,0,0,1,0,0,1,3
"MO","29031",0,1,0,0,0,0,1,0,0,1,3
"MO","29033",0,1,0,0,0,0,1,0,0,1,3
"MO","29037",0,1,0,0,0,0,1,0,0,1,3
"MO","29039",0,1,0,0,0,0,1,0,0,1,3
"MO","29041",0,1,0,0,0,0,1,0,0,1,3
"MO","29047",0,1,0,0,0,0,1,0,0,1,3
"MO","29051",0,1,0,0,0,0,1,0,0,1,3
"MO","29053",0,1,0,0,0,0,1,0,0,1,3
"MO","29057",0,1,0,0,0,0,1,0,0,1,3
"MO","29061",0,1,0,0,0,0,1,0,0,1,3
"MO","29071",0,1,0,0,0,0,1,0,0,1,3
"MO","29073",0,1,0,0,0,0,1,0,0,1,3
"MO","29075",0,1,0,0,0,0,1,0,0,1,3
"MO","29077",0,1,0,0,0,0,1,0,0,1,3
"MO","29079",0,1,0,0,0,0,1,0,0,1,3
"MO","29083",0,1,0,0,0,0,1,0,0,1,3
"MO","29089",0,1,0,0,0,0,1,0,0,1,3
"MO","29095",0,1,0,0,0,0,1,0,0,1,3
"MO","29097",0,1,0,0,0,0,1,0,0,1,3
"MO","29099",0,1,0,0,0,0,1,0,0,1,3
"MO","29101",0,1,0,0,0,0,1,0,0,1,3
"MO","29103",0,1,0,0,0,0,1,0,0,1,3
"MO","29107",0,1,0,0,0,0,1,0,0,1,3
"MO","29109",0,1,0,0,0,0,1,0,0,1,3
"MO","29111",0,1,0,0,0,0,1,0,0,1,3
"MO","29113",0,1,0,0,0,0,1,0,0,1,3
"MO","29115",0,1,0,0,0,0,1,0,0,1,3
"MO","29117",0,1,0,0,0,0,1,0,0,1,3
"MO","29127",0,1,0,0,0,0,1,0,0,1,3
"MO","29133",0,1,0,0,0,0,1,0,0,1,3
"MO","29135",0,1,0,0,0,0,1,0,0,1,3
"MO","29137",0,1,0,0,0,0,1,0,0,1,3
"MO","29139",0,1,0,0,0,0,1,0,0,1,3
"MO","29141",0,1,0,0,0,0,1,0,0,1,3
"MO","29145",0,1,0,0,0,0,1,0,0,1,3
"MO","29147",0,1,0,0,0,0,1,0,0,1,3
"MO","29151",0,1,0,0,0,0,1,0,0,1,3
"MO","29157",0,1,0,0,0,0,1,0,0,1,3
"MO","29159",0,1,0,0,0,0,1,0,0,1,3
"MO","29163",0,1,0,0,0,0,1,0,0,1,3
"MO","29167",0,1,0,0,0,0,1,0,0,1,3
"MO","29173",0,1,0,0,0,0,1,0,0,1,3
"MO","29175",0,1,0,0,0,0,1,0,0,1,3
"MO","29177",0,1,0,0,0,0,1,0,0,1,3
"MO","29183",0,1,0,0,0,0,1,0,0,1,3
"MO","29185",0,1,0,0,0,0,1,0,0,1,3
"MO","29186",0,1,0,0,0,0,1,0,0,1,3
"MO","29189",0,1,0,0,0,0,1,0,0,1,3
"MO","29199",0,1,0,0,0,0,1,0,0,1,3
"MO","29201",0,1,0,0,0,0,1,0,0,1,3
"MO","29217",0,1,0,0,0,0,1,0,0,1,3
"MO","29219",0,1,0,0,0,0,1,0,0,1,3
"NE","31001",0,1,0,0,0,0,1,0,0,1,3
"NE","31013",0,1,0,0,0,0,0,1,0,1,3
"NE","31019",0,1,0,0,0,0,1,0,0,1,3
"NE","31023",0,1,0,0,0,0,1,0,0,1,3
"NE","31025",0,1,0,0,0,0,1,0,0,1,3
"NE","31027",0,1,0,1,0,0,1,0,0,0,3
"NE","31033",0,1,0,0,0,0,0,1,0,1,3
"NE","31035",0,1,0,0,0,0,1,0,0,1,3
"NE","31039",0,1,0,1,0,0,1,0,0,0,3
"NE","31041",0,1,0,0,0,0,1,0,0,1,3
"NE","31047",0,1,0,0,0,0,1,0,0,1,3
"NE","31051",0,1,0,1,0,0,1,0,0,0,3
"NE","31061",0,1,0,0,0,0,1,0,0,1,3
"NE","31065",0,1,0,0,0,0,1,0,0,1,3
"NE","31073",0,1,0,0,0,0,1,0,0,1,3
"NE","31081",0,1,0,0,0,0,1,0,0,1,3
"NE","31083",0,1,0,0,0,0,1,0,0,1,3
"NE","31085",0,1,0,0,0,1,0,0,0,1,3
"NE","31087",0,1,0,0,0,1,0,0,0,1,3
"NE","31097",0,1,0,0,0,0,1,0,0,1,3
"NE","31099",0,1,0,0,0,0,1,0,0,1,3
"NE","31105",0,1,0,0,0,0,0,1,0,1,3
"NE","31107",0,1,0,1,0,0,1,0,0,0,3
"NE","31109",0,1,0,0,0,0,1,0,0,1,3
"NE","31111",0,1,0,0,0,0,1,0,0,1,3
"NE","31123",0,1,0,0,0,0,0,1,0,1,3
"NE","31127",0,1,0,0,0,0,1,0,0,1,3
"NE","31131",0,1,0,0,0,0,1,0,0,1,3
"NE","31135",0,1,0,0,0,0,1,0,0,1,3
"NE","31137",0,1,0,0,0,0,1,0,0,1,3
"NE","31141",0,1,0,0,0,0,1,0,0,1,3
"NE","31147",0,1,0,0,0,0,1,0,0,1,3
"NE","31151",0,1,0,0,0,0,1,0,0,1,3
"NE","31159",0,1,0,0,0,0,1,0,0,1,3
"NE","31165",0,1,0,0,0,0,0,1,0,1,3
"NE","31173",0,1,0,1,0,0,1,0,0,0,3
"NJ","34005",0,1,0,0,0,0,1,0,0,1,3
"NJ","34011",0,1,0,0,0,0,1,0,0,1,3
"NJ","34019",0,1,0,0,0,0,1,0,0,1,3
"NY","36009",0,1,0,1,0,0,1,0,0,0,3
"NY","36013",0,1,0,1,0,0,1,0,0,0,3
"NY","36021",0,1,0,1,0,0,1,0,0,0,3
"NY","36023",0,1,0,1,0,0,1,0,0,0,3
"NY","36029",0,1,0,1,0,0,1,0,0,0,3
"NY","36053",0,1,0,1,0,0,1,0,0,0,3
"NY","36055",0,1,0,0,0,0,1,0,0,1,3
"NY","36057",0,1,0,1,0,0,1,0,0,0,3
"NY","36077",0,1,0,1,0,0,1,0,0,0,3
"NY","36109",0,1,0,1,0,0,1,0,0,0,3
"NY","36121",0,1,0,1,0,0,1,0,0,0,3
"NC","37001",0,1,0,0,0,0,1,0,0,1,3
"NC","37003",0,1,0,0,0,0,1,0,0,1,3
"NC","37007",0,1,0,0,0,0,1,0,0,1,3
"NC","37025",0,1,0,0,0,0,1,0,0,1,3
"NC","37033",0,1,0,0,0,0,1,0,0,1,3
"NC","37035",0,1,0,0,0,0,1,0,0,1,3
"NC","37037",0,1,0,0,0,0,1,0,0,1,3
"NC","37045",0,1,0,0,0,0,1,0,0,1,3
"NC","37053",0,1,0,0,0,0,1,0,0,1,3
"NC","37057",0,1,0,0,0,0,1,0,0,1,3
"NC","37059",0,1,0,0,0,0,1,0,0,1,3
"NC","37069",0,1,0,0,0,0,1,0,0,1,3
"NC","37077",0,1,0,0,0,0,1,0,0,1,3
"NC","37081",0,1,0,0,0,0,1,0,0,1,3
"NC","37097",0,1,0,0,0,0,1,0,0,1,3
"NC","37105",0,1,0,0,0,0,1,0,0,1,3
"NC","37109",0,1,0,0,0,0,1,0,0,1,3
"NC","37125",0,1,0,0,0,0,1,0,0,1,3
"NC","37133",0,1,0,0,0,0,1,0,0,1,3
"NC","37135",0,1,0,0,0,0,1,0,0,1,3
"NC","37145",0,1,0,0,0,0,1,0,0,1,3
"NC","37151",0,1,0,0,0,0,1,0,0,1,3
"NC","37157",0,1,0,0,0,0,1,0,0,1,3
"NC","37159",0,1,0,0,0,0,1,0,0,1,3
"NC","37165",0,1,0,0,0,0,1,0,0,1,3
"NC","37169",0,1,0,0,0,0,1,0,0,1,3
"NC","37171",0,1,0,0,0,0,1,0,0,1,3
"NC","37179",0,1,0,0,0,0,1,0,0,1,3
"NC","37183",0,1,0,0,0,0,1,0,0,1,3
"NC","37185",0,1,0,0,0,0,1,0,0,1,3
"NC","37197",0,1,0,0,0,0,1,0,0,1,3
"ND","38021",0,1,0,1,0,0,1,0,0,0,3
"ND","38077",0,1,0,0,0,0,1,1,0,0,3
"OH","39001",0,1,0,0,0,0,1,0,0,1,3
"OH","39003",0,1,0,0,0,0,1,0,0,1,3
"OH","39011",0,1,0,0,0,0,1,0,0,1,3
"OH","39015",0,1,0,0,0,0,1,0,0,1,3
"OH","39017",0,1,0,0,0,0,1,0,0,1,3
"OH","39021",0,1,0,0,0,0,1,0,0,1,3
"OH","39023",0,1,0,0,0,0,1,0,0,1,3
"OH","39027",0,1,0,0,0,0,1,0,0,1,3
"OH","39029",0,1,0,0,0,0,1,0,0,1,3
"OH","39033",0,1,0,0,0,0,1,0,0,1,3
"OH","39037",0,1,0,0,0,0,1,0,0,1,3
"OH","39039",0,1,0,0,0,0,1,0,0,1,3
"OH","39041",0,1,0,0,0,0,1,0,0,1,3
"OH","39043",0,1,0,0,0,0,1,0,0,1,3
"OH","39045",0,1,0,0,0,0,1,0,0,1,3
"OH","39047",0,1,0,0,0,0,1,0,0,1,3
"OH","39049",0,1,0,0,0,0,1,0,0,1,3
"OH","39051",0,1,0,0,0,0,1,0,0,1,3
"OH","39055",0,1,0,1,0,0,1,0,0,0,3
"OH","39057",0,1,0,0,0,0,1,0,0,1,3
"OH","39063",0,1,0,0,0,0,1,0,0,1,3
"OH","39065",0,1,0,0,0,0,1,0,0,1,3
"OH","39069",0,1,0,0,0,0,1,0,0,1,3
"OH","39071",0,1,0,0,0,0,1,0,0,1,3
"OH","39077",0,1,0,0,0,0,1,0,0,1,3
"OH","39089",0,1,0,0,0,0,1,0,0,1,3
"OH","39091",0,1,0,0,0,0,1,0,0,1,3
"OH","39093",0,1,0,0,0,0,1,0,0,1,3
"OH","39095",0,1,0,0,0,0,1,0,0,1,3
"OH","39097",0,1,0,0,0,0,1,0,0,1,3
"OH","39099",0,1,0,0,0,0,1,0,0,1,3
"OH","39101",0,1,0,0,0,0,1,0,0,1,3
"OH","39103",0,1,0,0,0,0,1,0,0,1,3
"OH","39107",0,1,0,0,0,0,1,0,0,1,3
"OH","39109",0,1,0,0,0,0,1,0,0,1,3
"OH","39113",0,1,0,0,0,0,1,0,0,1,3
"OH","39117",0,1,0,0,0,0,1,0,0,1,3
"OH","39119",0,1,0,0,0,0,1,0,0,1,3
"OH","39123",0,1,0,0,0,0,1,0,0,1,3
"OH","39125",0,1,0,0,0,0,1,0,0,1,3
"OH","39127",0,1,0,0,0,0,1,0,0,1,3
"OH","39129",0,1,0,0,0,0,1,0,0,1,3
"OH","39133",0,1,0,0,0,0,1,0,0,1,3
"OH","39135",0,1,0,0,0,0,1,0,0,1,3
"OH","39137",0,1,0,0,0,0,1,0,0,1,3
"OH","39139",0,1,0,0,0,0,1,0,0,1,3
"OH","39141",0,1,0,0,0,0,1,0,0,1,3
"OH","39143",0,1,0,0,0,0,1,0,0,1,3
"OH","39145",0,1,0,0,0,0,1,0,0,1,3
"OH","39147",0,1,0,0,0,0,1,0,0,1,3
"OH","39149",0,1,0,0,0,0,1,0,0,1,3
"OH","39151",0,1,0,0,0,0,1,0,0,1,3
"OH","39157",0,1,0,0,0,0,1,0,0,1,3
"OH","39159",0,1,0,0,0,0,1,0,0,1,3
"OH","39161",0,1,0,0,0,0,1,0,0,1,3
"OH","39165",0,1,0,0,0,0,1,0,0,1,3
"OH","39167",0,1,0,0,0,0,1,0,0,1,3
"OH","39171",0,1,0,0,0,0,1,0,0,1,3
"OH","39173",0,1,0,0,0,0,1,0,0,1,3
"OH","39175",0,1,0,0,0,0,1,0,0,1,3
"OK","40035",0,1,0,0,0,0,1,0,0,1,3
"OK","40049",0,1,0,0,0,0,1,0,0,1,3
"OK","40051",0,1,0,0,0,0,1,0,0,1,3
"OK","40087",0,1,0,0,0,0,1,0,0,1,3
"OK","40093",0,1,0,0,0,1,0,0,0,1,3
"OK","40097",0,1,0,0,0,0,1,0,0,1,3
"OK","40101",0,1,0,0,0,0,1,0,0,1,3
"OK","40109",0,1,0,0,0,0,1,0,0,1,3
"OK","40115",0,1,0,0,0,0,1,0,0,1,3
"OK","40125",0,1,0,0,0,0,1,0,0,1,3
"OK","40139",0,1,0,0,0,1,0,0,0,1,3
"PA","42007",0,1,0,1,0,0,1,0,0,0,3
"PA","42009",0,1,0,1,0,0,1,0,0,0,3
"PA","42013",0,1,0,1,0,0,1,0,0,0,3
"PA","42017",0,1,0,1,0,0,1,0,0,0,3
"PA","42029",0,1,0,0,0,0,1,0,0,1,3
"PA","42031",0,1,0,1,0,0,1,0,0,0,3
"PA","42049",0,1,0,1,0,0,1,0,0,0,3
"PA","42063",0,1,0,1,0,0,1,0,0,0,3
"PA","42081",0,1,0,1,0,0,1,0,0,0,3
"PA","42085",0,1,0,1,0,0,1,0,0,0,3
"PA","42087",0,1,0,1,0,0,1,0,0,0,3
"PA","42089",0,1,0,1,0,0,1,0,0,0,3
"PA","42093",0,1,0,0,0,0,1,0,0,1,3
"PA","42119",0,1,0,0,0,0,1,0,0,1,3
"PA","42121",0,1,0,1,0,0,1,0,0,0,3
"PA","42125",0,1,0,1,0,0,1,0,0,0,3
"PA","42129",0,1,0,1,0,0,1,0,0,0,3
"SC","45007",0,1,0,0,0,0,1,0,0,1,3
"SC","45025",0,1,0,0,0,0,1,0,0,1,3
"SC","45029",0,1,1,0,0,0,1,0,0,0,3
"SC","45035",0,1,1,0,0,0,1,0,0,0,3
"SC","45071",0,1,0,0,0,0,1,0,0,1,3
"SC","45089",0,1,1,0,0,0,1,0,0,0,3
"SD","46005",0,1,0,0,0,0,1,0,0,1,3
"SD","46009",0,1,0,0,0,0,1,0,0,1,3
"SD","46013",0,1,0,1,0,0,1,0,0,0,3
"SD","46021",0,1,0,1,0,0,1,0,0,0,3
"SD","46025",0,1,0,1,0,0,1,0,0,0,3
"SD","46029",0,1,0,1,0,0,1,0,0,0,3
"SD","46035",0,1,0,0,0,0,1,0,0,1,3
"SD","46037",0,1,0,1,0,0,1,0,0,0,3
"SD","46039",0,1,0,1,0,0,1,0,0,0,3
"SD","46053",0,1,0,1,0,0,1,0,0,0,3
"SD","46055",0,1,0,1,0,0,0,0,0,1,3
"SD","46057",0,1,0,1,0,0,1,0,0,0,3
"SD","46061",0,1,0,0,0,0,1,0,0,1,3
"SD","46075",0,1,0,1,0,0,0,0,0,1,3
"SD","46079",0,1,0,1,0,0,1,0,0,0,3
"SD","46083",0,1,0,1,0,0,1,0,0,0,3
"SD","46087",0,1,0,1,0,0,1,0,0,0,3
"SD","46089",0,1,0,1,0,0,1,0,0,0,3
"SD","46091",0,1,0,1,0,0,1,0,0,0,3
"SD","46093",0,1,0,1,0,0,0,0,0,1,3
"SD","46115",0,1,0,0,0,0,1,0,0,1,3
"SD","46119",0,1,0,0,0,0,1,0,0,1,3
"TN","47003",0,1,0,0,0,0,1,0,0,1,3
"TN","47007",0,1,0,0,0,0,1,0,0,1,3
"TN","47009",0,1,0,0,0,0,1,0,0,1,3
"TN","47015",0,1,0,0,0,0,1,0,0,1,3
"TN","47023",0,1,1,0,0,0,1,0,0,0,3
"TN","47031",0,1,0,0,0,0,1,0,0,1,3
"TN","47051",0,1,0,0,0,0,1,0,0,1,3
"TN","47059",0,1,0,0,0,0,1,0,1,0,3
"TN","47077",0,1,0,0,0,0,1,0,0,1,3
"TN","47079",0,1,0,0,0,0,1,0,0,1,3
"TN","47099",0,1,0,0,0,0,1,0,0,1,3
"TN","47103",0,1,0,0,0,0,1,0,0,1,3
"TN","47107",0,1,0,0,0,0,1,0,1,0,3
"TN","47111",0,1,0,0,0,0,1,0,1,0,3
"TN","47117",0,1,0,0,0,0,1,0,0,1,3
"TN","47119",0,1,0,0,0,0,1,0,0,1,3
"TN","47123",0,1,0,0,0,0,1,0,0,1,3
"TN","47131",0,1,0,0,0,0,1,0,0,1,3
"TN","47149",0,1,0,0,0,0,1,0,0,1,3
"TN","47177",0,1,0,0,0,0,1,0,0,1,3
"TN","47183",0,1,0,0,0,0,1,0,0,1,3
"TX","48015",0,1,1,0,0,1,0,0,0,0,3
"TX","48025",0,1,1,0,0,1,0,0,0,0,3
"TX","48055",0,1,1,0,0,1,0,0,0,0,3
"TX","48057",0,1,1,0,0,1,0,0,0,0,3
"TX","48061",0,1,1,0,0,1,0,0,0,0,3
"TX","48111",0,1,0,0,0,1,0,0,0,1,3
"TX","48157",0,1,1,0,0,1,0,0,0,0,3
"TX","48163",0,1,0,0,0,1,0,0,0,1,3
"TX","48187",0,1,0,0,0,1,0,0,0,1,3
"TX","48195",0,1,0,0,0,1,0,0,0,1,3
"TX","48205",0,1,1,0,0,0,0,0,0,1,3
"TX","48215",0,1,1,0,0,1,0,0,0,0,3
"TX","48233",0,1,0,0,0,1,0,0,0,1,3
"TX","48239",0,1,1,0,0,1,0,0,0,0,3
"TX","48249",0,1,1,0,0,1,0,0,0,0,3
"TX","48251",0,1,0,0,0,1,0,0,0,1,3
"TX","48355",0,1,1,0,0,1,0,0,0,0,3
"TX","48409",0,1,1,0,0,1,0,0,0,0,3
"TX","48453",0,1,0,0,0,1,0,0,0,1,3
"TX","48493",0,1,0,0,0,1,0,0,0,1,3
"VA","51001",0,1,0,0,0,0,1,0,0,1,3
"VA","51031",0,1,0,0,0,0,1,0,0,1,3
"VA","51033",0,1,0,0,0,0,1,0,0,1,3
"VA","51036",0,1,0,0,0,0,1,0,0,1,3
"VA","51037",0,1,0,0,0,0,1,0,0,1,3
"VA","51053",0,1,0,0,0,0,1,0,0,1,3
"VA","51057",0,1,0,0,0,0,1,0,0,1,3
"VA","51073",0,1,0,0,0,0,1,0,0,1,3
"VA","51083",0,1,0,0,0,0,1,0,0,1,3
"VA","51085",0,1,0,0,0,0,1,0,0,1,3
"VA","51097",0,1,0,0,0,0,1,0,0,1,3
"VA","51101",0,1,0,0,0,0,1,0,0,1,3
"VA","51107",0,1,0,0,0,0,1,0,0,1,3
"VA","51113",0,1,0,0,0,0,1,0,0,1,3
"VA","51119",0,1,0,0,0,0,1,0,0,1,3
"VA","51131",0,1,0,0,0,0,1,0,0,1,3
"VA","51133",0,1,0,0,0,0,1,0,0,1,3
"VA","51143",0,1,0,0,0,0,1,0,0,1,3
"VA","51149",0,1,0,0,0,0,1,0,0,1,3
"VA","51159",0,1,0,0,0,0,1,0,0,1,3
"VA","51193",0,1,0,0,0,0,1,0,0,1,3
"VA","51810",0,1,0,0,0,0,1,0,0,1,3
"WV","54037",0,1,0,0,0,0,1,0,0,1,3
"WI","55001",0,1,0,1,0,0,1,0,0,0,3
"WI","55011",0,1,0,1,0,0,1,0,0,0,3
"WI","55013",0,1,0,1,0,0,1,0,0,0,3
"WI","55017",0,1,0,1,0,0,1,0,0,0,3
"WI","55023",0,1,0,1,0,0,1,0,0,0,3
"WI","55033",0,1,0,1,0,0,1,0,0,0,3
"WI","55035",0,1,0,1,0,0,1,0,0,0,3
"WI","55053",0,1,0,1,0,0,1,0,0,0,3
"WI","55059",0,1,0,0,0,0,1,0,0,1,3
"WI","55063",0,1,0,1,0,0,1,0,0,0,3
"WI","55065",0,1,0,1,0,0,1,0,0,0,3
"WI","55067",0,1,0,1,0,0,0,0,0,1,3
"WI","55069",0,1,0,1,0,0,1,0,0,0,3
"WI","55081",0,1,0,1,0,0,1,0,0,0,3
"WI","55091",0,1,0,1,0,0,1,0,0,0,3
"WI","55093",0,1,0,1,0,0,1,0,0,0,3
"WI","55095",0,1,0,1,0,0,1,0,0,0,3
"WI","55101",0,1,0,0,0,0,1,0,0,1,3
"WI","55103",0,1,0,1,0,0,1,0,0,0,3
"WI","55105",0,1,0,0,0,0,1,0,0,1,3
"WI","55107",0,1,0,1,0,0,1,0,0,0,3
"WI","55109",0,1,0,1,0,0,1,0,0,0,3
"WI","55119",0,1,0,1,0,0,1,0,0,0,3
"WI","55121",0,1,0,1,0,0,1,0,0,0,3
"WI","55123",0,1,0,1,0,0,1,0,0,0,3
"WI","55127",0,1,0,0,0,0,1,0,0,1,3
"WI","55129",0,1,0,1,0,0,1,0,0,0,3
"WI","55137",0,1,0,0,0,0,1,0,0,1,3
"WI","55139",0,1,0,0,0,0,1,0,0,1,3
"WI","55141",0,1,0,1,0,0,1,0,0,0,3
"WY","56021",0,1,0,0,0,0,0,1,0,1,3
"NC","37127",0,0,1,0,0,0,1,0,0,1,3
"OK","40009",0,0,1,0,1,0,0,0,0,1,3
"OK","40075",0,0,1,0,0,1,0,0,0,1,3
"OK","40149",0,0,1,0,0,1,0,0,0,1,3
"TX","48017",0,0,1,0,0,1,0,0,0,1,3
"TX","48045",0,0,1,0,0,1,0,0,0,1,3
"TX","48079",0,0,1,0,1,1,0,0,0,0,3
"TX","48095",0,0,1,0,0,1,0,0,0,1,3
"TX","48107",0,0,1,0,0,1,0,0,0,1,3
"TX","48303",0,0,1,0,0,1,0,0,0,1,3
"TX","48305",0,0,1,0,0,1,0,0,0,1,3
"TX","48381",0,0,1,0,0,1,0,0,0,1,3
"TX","48399",0,0,1,0,0,1,0,0,0,1,3
"TX","48507",0,0,1,0,0,1,0,0,0,1,3
"TX","48099",0,0,0,1,0,1,0,0,0,1,3
"TX","48193",0,0,0,1,0,1,0,0,0,1,3
"WI","55077",0,0,0,1,0,0,1,0,0,1,3
"KS","20053",0,0,0,0,0,1,1,0,0,1,3
"KS","20077",0,0,0,0,0,1,1,0,0,1,3
"KS","20167",0,0,0,0,0,1,1,0,0,1,3
"OK","40073",0,0,0,0,0,1,1,0,0,1,3
"AZ","04021",1,0,1,0,0,0,0,0,0,0,2
"ID","16005",1,0,0,0,0,0,0,0,0,1,2
"ID","16011",1,0,0,0,0,0,0,0,0,1,2
"ID","16019",1,0,0,0,0,0,0,0,0,1,2
"ID","16029",1,0,0,0,0,0,0,0,0,1,2
"ID","16041",1,0,0,0,0,0,0,0,0,1,2
"ID","16045",1,1,0,0,0,0,0,0,0,0,2
"ID","16061",1,0,0,0,0,0,0,0,0,1,2
"ID","16069",1,0,0,0,0,0,0,0,0,1,2
"ID","16071",1,0,0,0,0,0,0,0,0,1,2
"MT","30005",1,0,0,0,0,0,0,0,0,1,2
"MT","30007",1,0,0,0,0,0,0,0,0,1,2
"MT","30013",1,0,0,0,0,0,0,0,0,1,2
"MT","30015",1,0,0,0,0,0,0,0,0,1,2
"MT","30029",1,0,0,0,0,0,0,0,0,1,2
"MT","30031",1,0,0,0,0,0,0,0,0,1,2
"MT","30035",1,0,0,0,0,0,0,0,0,1,2
"MT","30051",1,0,0,0,0,0,0,0,0,1,2
"MT","30055",1,0,0,0,0,0,0,0,0,1,2
"MT","30067",1,0,0,0,0,0,0,0,0,1,2
"MT","30071",1,0,0,0,0,0,0,0,0,1,2
"MT","30073",1,0,0,0,0,0,0,0,0,1,2
"MT","30085",1,0,0,0,0,0,0,1,0,0,2
"MT","30095",1,0,0,0,0,0,0,0,0,1,2
"MT","30099",1,0,0,0,0,0,0,0,0,1,2
"MT","30101",1,0,0,0,0,0,0,0,0,1,2
"MT","30105",1,0,0,0,0,0,0,0,0,1,2
"MT","30107",1,0,0,0,0,0,0,0,0,1,2
"ND","38011",1,1,0,0,0,0,0,0,0,0,2
"ND","38019",1,0,0,0,0,0,1,0,0,0,2
"ND","38055",1,1,0,0,0,0,0,0,0,0,2
"ND","38057",1,1,0,0,0,0,0,0,0,0,2
"ND","38059",1,1,0,0,0,0,0,0,0,0,2
"ND","38065",1,1,0,0,0,0,0,0,0,0,2
"ND","38083",1,0,0,0,0,0,1,0,0,0,2
"ND","38087",1,1,0,0,0,0,0,0,0,0,2
"ND","38095",1,0,0,0,0,0,1,0,0,0,2
"ND","38105",1,0,0,0,0,0,0,1,0,0,2
"OR","41021",1,0,0,0,0,0,0,0,0,1,2
"OR","41055",1,0,0,0,0,0,0,0,0,1,2
"OR","41063",1,0,0,0,0,0,0,0,0,1,2
"VA","51015",1,1,0,0,0,0,0,0,0,0,2
"WA","53013",1,0,0,0,0,0,0,0,0,1,2
"WA","53023",1,0,0,0,0,0,0,0,0,1,2
"WA","53043",1,0,0,0,0,0,0,0,0,1,2
"WA","53063",1,0,0,0,0,0,0,0,0,1,2
"WA","53075",1,0,0,0,0,0,0,0,0,1,2
"WY","56003",1,0,0,0,0,0,0,1,0,0,2
"WY","56029",1,0,0,0,0,0,0,1,0,0,2
"WY","56043",1,0,0,0,0,0,0,1,0,0,2
"AL","01009",0,1,0,0,0,0,1,0,0,0,2
"AL","01035",0,1,1,0,0,0,0,0,0,0,2
"AL","01043",0,1,0,0,0,0,1,0,0,0,2
"AL","01049",0,1,0,0,0,0,1,0,0,0,2
"AL","01051",0,1,1,0,0,0,0,0,0,0,2
"AL","01057",0,1,0,0,0,0,1,0,0,0,2
"AL","01071",0,1,0,0,0,0,1,0,0,0,2
"AL","01095",0,1,0,0,0,0,1,0,0,0,2
"AL","01103",0,1,0,0,0,0,1,0,0,0,2
"AR","05063",0,1,0,0,0,0,1,0,0,0,2
"AR","05121",0,1,0,0,0,0,1,0,0,0,2
"AR","05145",0,1,0,0,0,0,1,0,0,0,2
"CA","06021",0,1,0,0,0,0,0,0,0,1,2
"CA","06095",0,1,0,0,0,0,0,0,0,1,2
"CA","06101",0,1,0,0,0,0,0,0,0,1,2
"CA","06113",0,1,0,0,0,0,0,0,0,1,2
"CO","08001",0,1,0,0,0,0,0,0,0,1,2
"CO","08013",0,1,0,0,0,0,0,1,0,0,2
"CO","08017",0,1,0,0,0,0,0,0,0,1,2
"CO","08039",0,1,0,0,0,0,0,0,0,1,2
"CO","08063",0,1,0,0,0,0,0,0,0,1,2
"CO","08069",0,1,0,0,0,0,0,1,0,0,2
"CO","08073",0,1,0,0,0,0,0,0,0,1,2
"CO","08087",0,1,0,0,0,0,0,0,0,1,2
"DE","10001",0,1,0,0,0,0,1,0,0,0,2
"DE","10003",0,1,0,0,0,0,1,0,0,0,2
"GA","13015",0,1,0,0,0,0,1,0,0,0,2
"GA","13055",0,1,0,0,0,0,1,0,0,0,2
"GA","13147",0,1,0,0,0,0,0,0,0,1,2
"GA","13167",0,1,0,0,0,0,1,0,0,0,2
"GA","13185",0,1,0,0,1,0,0,0,0,0,2
"GA","13303",0,1,0,0,1,0,0,0,0,0,2
"ID","16075",0,1,0,0,0,0,0,0,0,1,2
"IL","17029",0,1,0,0,0,0,1,0,0,0,2
"IL","17039",0,1,0,0,0,0,1,0,0,0,2
"IL","17041",0,1,0,0,0,0,1,0,0,0,2
"IL","17063",0,1,0,0,0,0,1,0,0,0,2
"IL","17071",0,1,0,0,0,0,1,0,0,0,2
"IL","17085",0,1,0,0,0,0,1,0,0,0,2
"IL","17087",0,1,0,0,0,0,1,0,0,0,2
"IL","17093",0,1,0,0,0,0,1,0,0,0,2
"IL","17107",0,1,0,0,0,0,1,0,0,0,2
"IL","17109",0,1,0,0,0,0,1,0,0,0,2
"IL","17115",0,1,0,0,0,0,1,0,0,0,2
"IL","17131",0,1,0,0,0,0,1,0,0,0,2
"IL","17139",0,1,0,0,0,0,1,0,0,0,2
"IL","17147",0,1,0,0,0,0,1,0,0,0,2
"IL","17155",0,1,0,0,0,0,1,0,0,0,2
"IL","17157",0,1,0,0,0,0,1,0,0,0,2
"IL","17161",0,1,0,0,0,0,1,0,0,0,2
"IL","17175",0,1,0,0,0,0,1,0,0,0,2
"IL","17187",0,1,0,0,0,0,1,0,0,0,2
"IL","17199",0,1,0,0,0,0,1,0,0,0,2
"IN","18007",0,1,0,0,0,0,1,0,0,0,2
"IN","18009",0,1,0,0,0,0,1,0,0,0,2
"IN","18029",0,1,0,0,0,0,1,0,0,0,2
"IN","18041",0,1,0,0,0,0,1,0,0,0,2
"IN","18045",0,1,0,0,0,0,1,0,0,0,2
"IN","18055",0,1,0,0,0,0,1,0,0,0,2
"IN","18073",0,1,0,0,0,0,1,0,0,0,2
"IN","18077",0,1,0,0,0,0,1,0,0,0,2
"IN","18093",0,1,0,0,0,0,1,0,0,0,2
"IN","18097",0,1,0,0,0,0,1,0,0,0,2
"IN","18101",0,1,0,0,0,0,1,0,0,0,2
"IN","18105",0,1,0,0,0,0,1,0,0,0,2
"IN","18109",0,1,0,0,0,0,1,0,0,0,2
"IN","18111",0,1,0,0,0,0,1,0,0,0,2
"IN","18117",0,1,0,0,0,0,1,0,0,0,2
"IN","18121",0,1,0,0,0,0,1,0,0,0,2
"IN","18123",0,1,0,0,0,0,1,0,0,0,2
"IN","18125",0,1,0,0,0,0,1,0,0,0,2
"IN","18131",0,1,0,0,0,0,1,0,0,0,2
"IN","18133",0,1,0,0,0,0,1,0,0,0,2
"IN","18143",0,1,0,0,0,0,1,0,0,0,2
"IN","18161",0,1,0,0,0,0,1,0,0,0,2
"IN","18165",0,1,0,0,0,0,1,0,0,0,2
"IN","18167",0,1,0,0,0,0,1,0,0,0,2
"IN","18171",0,1,0,0,0,0,1,0,0,0,2
"IA","19001",0,1,0,0,0,0,1,0,0,0,2
"IA","19003",0,1,0,0,0,0,1,0,0,0,2
"IA","19007",0,1,0,0,0,0,1,0,0,0,2
"IA","19013",0,1,0,0,0,0,1,0,0,0,2
"IA","19021",0,1,0,0,0,0,1,0,0,0,2
"IA","19023",0,1,0,0,0,0,1,0,0,0,2
"IA","19025",0,1,0,0,0,0,1,0,0,0,2
"IA","19027",0,1,0,0,0,0,1,0,0,0,2
"IA","19029",0,1,0,0,0,0,1,0,0,0,2
"IA","19031",0,1,0,0,0,0,1,0,0,0,2
"IA","19035",0,1,0,0,0,0,1,0,0,0,2
"IA","19039",0,1,0,0,0,0,1,0,0,0,2
"IA","19041",0,1,0,0,0,0,1,0,0,0,2
"IA","19047",0,1,0,0,0,0,1,0,0,0,2
"IA","19049",0,1,0,0,0,0,1,0,0,0,2
"IA","19053",0,1,0,0,0,0,1,0,0,0,2
"IA","19057",0,1,0,0,0,0,1,0,0,0,2
"IA","19059",0,1,0,0,0,0,1,0,0,0,2
"IA","19063",0,1,0,0,0,0,1,0,0,0,2
"IA","19069",0,1,0,0,0,0,1,0,0,0,2
"IA","19071",0,1,0,0,0,0,1,0,0,0,2
"IA","19075",0,1,0,0,0,0,1,0,0,0,2
"IA","19077",0,1,0,0,0,0,1,0,0,0,2
"IA","19079",0,1,0,0,0,0,1,0,0,0,2
"IA","19081",0,1,0,0,0,0,1,0,0,0,2
"IA","19083",0,1,0,0,0,0,1,0,0,0,2
"IA","19085",0,1,0,0,0,0,1,0,0,0,2
"IA","19091",0,1,0,0,0,0,1,0,0,0,2
"IA","19093",0,1,0,0,0,0,1,0,0,0,2
"IA","19101",0,1,0,0,0,0,1,0,0,0,2
"IA","19107",0,1,0,0,0,0,1,0,0,0,2
"IA","19109",0,1,0,0,0,0,1,0,0,0,2
"IA","19111",0,1,0,0,0,0,1,0,0,0,2
"IA","19115",0,1,0,0,0,0,1,0,0,0,2
"IA","19117",0,1,0,0,0,0,1,0,0,0,2
"IA","19121",0,1,0,0,0,0,1,0,0,0,2
"IA","19123",0,1,0,0,0,0,1,0,0,0,2
"IA","19125",0,1,0,0,0,0,1,0,0,0,2
"IA","19127",0,1,0,0,0,0,1,0,0,0,2
"IA","19129",0,1,0,0,0,0,1,0,0,0,2
"IA","19131",0,1,0,0,0,0,1,0,0,0,2
"IA","19133",0,1,0,0,0,0,1,0,0,0,2
"IA","19135",0,1,0,0,0,0,1,0,0,0,2
"IA","19137",0,1,0,0,0,0,1,0,0,0,2
"IA","19143",0,1,0,0,0,0,1,0,0,0,2
"IA","19145",0,1,0,0,0,0,1,0,0,0,2
"IA","19147",0,1,0,0,0,0,1,0,0,0,2
"IA","19151",0,1,0,0,0,0,1,0,0,0,2
"IA","19153",0,1,0,0,0,0,1,0,0,0,2
"IA","19155",0,1,0,0,0,0,1,0,0,0,2
"IA","19159",0,1,0,0,0,0,1,0,0,0,2
"IA","19161",0,1,0,0,0,0,1,0,0,0,2
"IA","19173",0,1,0,0,0,0,1,0,0,0,2
"IA","19179",0,1,0,0,0,0,1,0,0,0,2
"IA","19181",0,1,0,0,0,0,1,0,0,0,2
"IA","19185",0,1,0,0,0,0,1,0,0,0,2
"IA","19187",0,1,0,0,0,0,1,0,0,0,2
"IA","19189",0,1,0,0,0,0,1,0,0,0,2
"IA","19193",0,1,0,0,0,0,1,0,0,0,2
"IA","19197",0,1,0,0,0,0,1,0,0,0,2
"KS","20007",0,1,0,0,0,0,0,0,0,1,2
"KS","20043",0,1,0,0,0,0,1,0,0,0,2
"KS","20103",0,1,0,0,0,0,0,0,0,1,2
"KS","20137",0,1,0,0,0,0,0,0,0,1,2
"KS","20179",0,1,0,0,0,0,0,0,0,1,2
"KS","20187",0,1,0,0,0,0,0,0,0,1,2
"KS","20199",0,1,0,0,0,0,0,0,0,1,2
"KY","21003",0,1,0,0,0,0,0,0,1,0,2
"KY","21023",0,1,0,0,0,0,0,0,1,0,2
"KY","21029",0,1,0,0,0,0,1,0,0,0,2
"KY","21031",0,1,0,0,0,0,1,0,0,0,2
"KY","21045",0,1,0,0,0,0,1,0,0,0,2
"KY","21053",0,1,0,0,0,0,0,0,1,0,2
"KY","21061",0,1,0,0,0,0,1,0,0,0,2
"KY","21065",0,1,0,0,0,0,1,0,0,0,2
"KY","21079",0,1,0,0,0,0,0,0,1,0,2
"KY","21091",0,1,0,0,0,0,1,0,0,0,2
"KY","21135",0,1,0,0,0,0,1,0,0,0,2
"KY","21139",0,1,0,0,0,0,1,0,0,0,2
"KY","21151",0,1,0,0,0,0,0,0,1,0,2
"KY","21173",0,1,0,0,0,0,0,0,1,0,2
"KY","21181",0,1,0,0,0,0,0,0,1,0,2
"KY","21203",0,1,0,0,0,0,0,0,1,0,2
"KY","21207",0,1,0,0,0,0,1,0,0,0,2
"KY","21215",0,1,0,0,0,0,1,0,0,0,2
"KY","21233",0,1,0,0,0,0,1,0,0,0,2
"LA","22069",0,1,0,0,0,0,1,0,0,0,2
"LA","22073",0,1,0,0,0,0,1,0,0,0,2
"LA","22077",0,1,0,0,0,0,1,0,0,0,2
"LA","22123",0,1,0,0,0,0,1,0,0,0,2
"MD","24003",0,1,0,0,0,0,1,0,0,0,2
"MD","24009",0,1,0,0,0,0,1,0,0,0,2
"MD","24017",0,1,0,0,0,0,1,0,0,0,2
"MD","24033",0,1,0,0,0,0,1,0,0,0,2
"MD","24037",0,1,0,0,0,0,1,0,0,0,2
"MI","26035",0,1,0,1,0,0,0,0,0,0,2
"MI","26069",0,1,0,1,0,0,0,0,0,0,2
"MI","26089",0,1,0,1,0,0,0,0,0,0,2
"MI","26119",0,1,0,0,0,0,1,0,0,0,2
"MI","26125",0,1,0,0,0,0,1,0,0,0,2
"MI","26159",0,1,0,0,0,0,1,0,0,0,2
"MI","26163",0,1,0,0,0,0,1,0,0,0,2
"MI","26165",0,1,0,1,0,0,0,0,0,0,2
"MN","27003",0,1,0,0,0,0,1,0,0,0,2
"MN","27011",0,1,0,0,0,0,1,0,0,0,2
"MN","27013",0,1,0,0,0,0,1,0,0,0,2
"MN","27033",0,1,0,0,0,0,1,0,0,0,2
"MN","27035",0,1,0,1,0,0,0,0,0,0,2
"MN","27043",0,1,0,0,0,0,1,0,0,0,2
"MN","27053",0,1,0,0,0,0,1,0,0,0,2
"MN","27059",0,1,0,0,0,0,1,0,0,0,2
"MN","27063",0,1,0,0,0,0,1,0,0,0,2
"MN","27073",0,1,0,0,0,0,1,0,0,0,2
"MN","27081",0,1,0,0,0,0,1,0,0,0,2
"MN","27083",0,1,0,0,0,0,1,0,0,0,2
"MN","27095",0,1,0,0,0,0,1,0,0,0,2
"MN","27115",0,1,0,0,0,0,1,0,0,0,2
"MN","27117",0,1,0,0,0,0,1,0,0,0,2
"MN","27125",0,1,0,0,0,0,1,0,0,0,2
"MN","27141",0,1,0,0,0,0,1,0,0,0,2
"MN","27161",0,1,0,0,0,0,1,0,0,0,2
"MN","27165",0,1,0,0,0,0,1,0,0,0,2
"MS","28003",0,1,0,0,0,0,1,0,0,0,2
"MS","28009",0,1,0,0,0,0,1,0,0,0,2
"MS","28017",0,1,0,0,0,0,1,0,0,0,2
"MS","28057",0,1,0,0,0,0,1,0,0,0,2
"MS","28081",0,1,0,0,0,0,1,0,0,0,2
"MS","28093",0,1,0,0,0,0,1,0,0,0,2
"MS","28097",0,1,1,0,0,0,0,0,0,0,2
"MS","28121",0,1,0,0,0,0,1,0,0,0,2
"MS","28139",0,1,0,0,0,0,1,0,0,0,2
"MS","28145",0,1,0,0,0,0,1,0,0,0,2
"MS","28149",0,1,0,0,0,0,1,0,0,0,2
"MS","28155",0,1,1,0,0,0,0,0,0,0,2
"MO","29005",0,1,0,0,0,0,1,0,0,0,2
"MO","29009",0,1,0,0,0,0,0,0,0,1,2
"MO","29013",0,1,0,0,0,0,1,0,0,0,2
"MO","29045",0,1,0,0,0,0,1,0,0,0,2
"MO","29049",0,1,0,0,0,0,1,0,0,0,2
"MO","29063",0,1,0,0,0,0,1,0,0,0,2
"MO","29081",0,1,0,0,0,0,1,0,0,0,2
"MO","29087",0,1,0,0,0,0,1,0,0,0,2
"MO","29125",0,1,0,0,0,0,1,0,0,0,2
"MO","29131",0,1,0,0,0,0,1,0,0,0,2
"MO","29165",0,1,0,0,0,0,1,0,0,0,2
"MO","29171",0,1,0,0,0,0,1,0,0,0,2
"MO","29187",0,1,0,0,0,0,1,0,0,0,2
"MO","29195",0,1,0,0,0,0,1,0,0,0,2
"MO","29205",0,1,0,0,0,0,1,0,0,0,2
"MO","29211",0,1,0,0,0,0,1,0,0,0,2
"MO","29227",0,1,0,0,0,0,1,0,0,0,2
"MT","30017",0,1,0,0,0,0,0,0,0,1,2
"NE","31003",0,1,0,0,0,0,1,0,0,0,2
"NE","31011",0,1,0,0,0,0,1,0,0,0,2
"NE","31015",0,1,0,0,0,0,1,0,0,0,2
"NE","31017",0,1,0,0,0,0,1,0,0,0,2
"NE","31021",0,1,0,0,0,0,1,0,0,0,2
"NE","31037",0,1,0,0,0,0,1,0,0,0,2
"NE","31043",0,1,0,0,0,0,1,0,0,0,2
"NE","31045",0,1,0,0,0,0,0,0,0,1,2
"NE","31049",0,1,0,0,0,0,0,0,0,1,2
"NE","31053",0,1,0,0,0,0,1,0,0,0,2
"NE","31055",0,1,0,0,0,0,1,0,0,0,2
"NE","31057",0,1,0,0,0,0,0,0,0,1,2
"NE","31069",0,1,0,0,0,0,0,0,0,1,2
"NE","31071",0,1,0,0,0,0,1,0,0,0,2
"NE","31077",0,1,0,0,0,0,1,0,0,0,2
"NE","31079",0,1,0,0,0,0,1,0,0,0,2
"NE","31089",0,1,0,0,0,0,1,0,0,0,2
"NE","31093",0,1,0,0,0,0,1,0,0,0,2
"NE","31103",0,1,0,0,0,0,1,0,0,0,2
"NE","31113",0,1,0,0,0,0,1,0,0,0,2
"NE","31119",0,1,0,0,0,0,1,0,0,0,2
"NE","31121",0,1,0,0,0,0,1,0,0,0,2
"NE","31125",0,1,0,0,0,0,1,0,0,0,2
"NE","31139",0,1,0,0,0,0,1,0,0,0,2
"NE","31143",0,1,0,0,0,0,1,0,0,0,2
"NE","31149",0,1,0,0,0,0,1,0,0,0,2
"NE","31153",0,1,0,0,0,0,1,0,0,0,2
"NE","31157",0,1,0,0,0,0,0,1,0,0,2
"NE","31163",0,1,0,0,0,0,1,0,0,0,2
"NE","31167",0,1,0,0,0,0,1,0,0,0,2
"NE","31175",0,1,0,0,0,0,1,0,0,0,2
"NE","31177",0,1,0,0,0,0,1,0,0,0,2
"NE","31179",0,1,0,0,0,0,1,0,0,0,2
"NE","31183",0,1,0,0,0,0,1,0,0,0,2
"NE","31185",0,1,0,0,0,0,1,0,0,0,2
"NJ","34015",0,1,0,0,0,0,1,0,0,0,2
"NJ","34021",0,1,0,0,0,0,1,0,0,0,2
"NY","36003",0,1,0,1,0,0,0,0,0,0,2
"NY","36017",0,1,0,1,0,0,0,0,0,0,2
"NY","36043",0,1,0,0,0,0,1,0,0,0,2
"NY","36045",0,1,0,0,0,0,1,0,0,0,2
"NY","36075",0,1,0,0,0,0,1,0,0,0,2
"NY","36107",0,1,0,1,0,0,0,0,0,0,2
"NC","37019",0,1,0,0,0,0,1,0,0,0,2
"NC","37023",0,1,0,0,0,0,1,0,0,0,2
"ND","38045",0,1,0,0,0,0,1,0,0,0,2
"ND","38073",0,1,0,0,0,0,1,0,0,0,2
"ND","38075",0,1,0,0,0,0,1,0,0,0,2
"ND","38081",0,1,0,0,0,0,1,0,0,0,2
"OH","39009",0,1,0,0,0,0,1,0,0,0,2
"OH","39025",0,1,0,0,0,0,1,0,0,0,2
"OH","39053",0,1,0,0,0,0,1,0,0,0,2
"OH","39059",0,1,0,0,0,0,1,0,0,0,2
"OH","39061",0,1,0,0,0,0,1,0,0,0,2
"OH","39073",0,1,0,0,0,0,1,0,0,0,2
"OH","39079",0,1,0,0,0,0,1,0,0,0,2
"OH","39087",0,1,0,0,0,0,1,0,0,0,2
"OH","39105",0,1,0,0,0,0,1,0,0,0,2
"OH","39115",0,1,0,0,0,0,1,0,0,0,2
"OH","39131",0,1,0,0,0,0,1,0,0,0,2
"OK","40135",0,1,0,0,0,0,1,0,0,0,2
"PA","42105",0,1,0,1,0,0,0,0,0,0,2
"PA","42117",0,1,0,1,0,0,0,0,0,0,2
"SC","45015",0,1,0,0,0,0,1,0,0,0,2
"SC","45043",0,1,0,0,0,0,1,0,0,0,2
"SC","45063",0,1,0,0,0,0,1,0,0,0,2
"SC","45081",0,1,0,0,0,0,0,0,0,1,2
"SD","46027",0,1,0,0,0,0,1,0,0,0,2
"SD","46031",0,1,0,1,0,0,0,0,0,0,2
"SD","46045",0,1,0,0,0,0,1,0,0,0,2
"SD","46049",0,1,0,0,0,0,1,0,0,0,2
"SD","46073",0,1,0,0,0,0,1,0,0,0,2
"SD","46099",0,1,0,0,0,0,1,0,0,0,2
"SD","46101",0,1,0,0,0,0,1,0,0,0,2
"SD","46109",0,1,0,0,0,0,1,0,0,0,2
"SD","46111",0,1,0,0,0,0,1,0,0,0,2
"SD","46127",0,1,0,0,0,0,1,0,0,0,2
"SD","46129",0,1,0,0,0,0,1,0,0,0,2
"SD","46137",0,1,0,0,0,0,0,0,0,1,2
"TN","47005",0,1,0,0,0,0,1,0,0,0,2
"TN","47021",0,1,0,0,0,0,1,0,0,0,2
"TN","47039",0,1,0,0,0,0,1,0,0,0,2
"TN","47055",0,1,0,0,0,0,1,0,0,0,2
"TN","47071",0,1,0,0,0,0,1,0,0,0,2
"TN","47081",0,1,0,0,0,0,1,0,0,0,2
"TN","47085",0,1,0,0,0,0,1,0,0,0,2
"TN","47109",0,1,0,0,0,0,1,0,0,0,2
"TN","47115",0,1,0,0,0,0,1,0,0,0,2
"TN","47159",0,1,0,0,0,0,0,0,1,0,2
"TN","47161",0,1,0,0,0,0,1,0,0,0,2
"TN","47181",0,1,0,0,0,0,1,0,0,0,2
"TN","47185",0,1,0,0,0,0,1,0,0,0,2
"TN","47187",0,1,0,0,0,0,1,0,0,0,2
"TX","48051",0,1,1,0,0,0,0,0,0,0,2
"TX","48089",0,1,1,0,0,0,0,0,0,0,2
"TX","48293",0,1,0,0,0,0,0,0,0,1,2
"VA","51067",0,1,0,0,0,0,0,0,0,1,2
"VA","51069",0,1,0,0,0,0,1,0,0,0,2
"VA","51109",0,1,0,0,0,0,1,0,0,0,2
"VA","51127",0,1,0,0,0,0,1,0,0,0,2
"VA","51177",0,1,0,0,0,0,1,0,0,0,2
"VA","51179",0,1,0,0,0,0,1,0,0,0,2
"WA","53025",0,1,0,0,0,0,0,0,0,1,2
"WA","53077",0,1,0,0,0,0,0,0,0,1,2
"WV","54003",0,1,0,0,0,0,0,0,0,1,2
"WI","55057",0,1,0,0,0,0,0,0,0,1,2
"WI","55079",0,1,0,0,0,0,1,0,0,0,2
"WI","55099",0,1,0,1,0,0,0,0,0,0,2
"WI","55113",0,1,0,0,0,0,1,0,0,0,2
"WI","55133",0,1,0,0,0,0,1,0,0,0,2
"WY","56015",0,1,0,0,0,0,0,1,0,0,2
"AL","01097",0,0,1,0,1,0,0,0,0,0,2
"CA","06031",0,0,1,0,0,0,0,0,0,1,2
"CA","06047",0,0,1,0,0,0,0,0,0,1,2
"CA","06107",0,0,1,0,0,0,0,0,0,1,2
"FL","12013",0,0,1,0,1,0,0,0,0,0,2
"FL","12033",0,0,1,0,1,0,0,0,0,0,2
"FL","12063",0,0,1,0,1,0,0,0,0,0,2
"FL","12113",0,0,1,0,1,0,0,0,0,0,2
"GA","13061",0,0,1,0,1,0,0,0,0,0,2
"GA","13081",0,0,1,0,1,0,0,0,0,0,2
"GA","13235",0,0,1,0,1,0,0,0,0,0,2
"OK","40055",0,0,1,0,0,0,0,0,0,1,2
"OK","40057",0,0,1,0,0,0,0,0,0,1,2
"OK","40065",0,0,1,0,0,0,0,0,0,1,2
"OK","40141",0,0,1,0,0,0,0,0,0,1,2
"TX","48075",0,0,1,0,0,0,0,0,0,1,2
"TX","48087",0,0,1,0,0,0,0,0,0,1,2
"TX","48101",0,0,1,0,0,0,0,0,0,1,2
"TX","48125",0,0,1,0,0,0,0,0,0,1,2
"TX","48129",0,0,1,0,0,0,0,0,0,1,2
"TX","48151",0,0,1,0,0,0,0,0,0,1,2
"TX","48165",0,0,1,0,1,0,0,0,0,0,2
"TX","48173",0,0,1,0,0,0,0,0,0,1,2
"TX","48197",0,0,1,0,0,0,0,0,0,1,2
"TX","48207",0,0,1,0,0,0,0,0,0,1,2
"TX","48219",0,0,1,0,0,1,0,0,0,0,2
"TX","48253",0,0,1,0,0,0,0,0,0,1,2
"TX","48275",0,0,1,0,0,0,0,0,0,1,2
"TX","48307",0,0,1,0,0,0,0,0,0,1,2
"TX","48353",0,0,1,0,0,0,0,0,0,1,2
"TX","48391",0,0,1,0,0,1,0,0,0,0,2
"TX","48413",0,0,1,0,0,0,0,0,0,1,2
"TX","48415",0,0,1,0,0,0,0,0,0,1,2
"TX","48441",0,0,1,0,0,0,0,0,0,1,2
"TX","48445",0,0,1,0,0,1,0,0,0,0,2
"TX","48483",0,0,1,0,0,0,0,0,0,1,2
"TX","48485",0,0,1,0,0,0,0,0,0,1,2
"TX","48487",0,0,1,0,0,0,0,0,0,1,2
"TX","48489",0,0,1,0,0,1,0,0,0,0,2
"TX","48501",0,0,1,0,1,0,0,0,0,0,2
"OR","41053",0,0,0,1,0,0,0,0,0,1,2
"OR","41067",0,0,0,1,0,0,0,0,0,1,2
"OR","41071",0,0,0,1,0,0,0,0,0,1,2
"TX","48035",0,0,0,1,0,0,0,0,0,1,2
"TX","48049",0,0,0,1,0,0,0,0,0,1,2
"TX","48083",0,0,0,1,0,0,0,0,0,1,2
"WI","55055",0,0,0,1,0,0,0,0,0,1,2
"KS","20025",0,0,0,0,0,1,0,0,0,1,2
"KS","20033",0,0,0,0,0,1,0,0,0,1,2
"KS","20051",0,0,0,0,0,1,0,0,0,1,2
"KS","20083",0,0,0,0,0,1,0,0,0,1,2
"KS","20195",0,0,0,0,0,1,0,0,0,1,2
"OK","40007",0,0,0,0,0,1,0,0,0,1,2
"OK","40011",0,0,0,0,0,1,0,0,0,1,2
"OK","40025",0,0,0,0,0,1,0,0,0,1,2
"TX","48011",0,0,0,0,0,1,0,0,0,1,2
"TX","48039",0,0,0,0,0,1,1,0,0,0,2
"TX","48121",0,0,0,0,0,1,0,0,0,1,2
"TX","48295",0,0,0,0,0,1,0,0,0,1,2
"TX","48359",0,0,0,0,0,1,0,0,0,1,2
"AR","05037",0,0,0,0,0,0,1,0,0,1,2
"AR","05075",0,0,0,0,0,0,1,0,0,1,2
"GA","13225",0,0,0,0,0,0,1,0,0,1,2
"GA","13269",0,0,0,0,0,0,1,0,0,1,2
"IN","18099",0,0,0,0,0,0,1,0,0,1,2
"KS","20091",0,0,0,0,0,0,1,0,0,1,2
"KS","20107",0,0,0,0,0,0,1,0,0,1,2
"KY","21073",0,0,0,0,0,0,1,0,1,0,2
"NJ","34025",0,0,0,0,0,0,1,0,0,1,2
"NC","37067",0,0,0,0,0,0,1,0,0,1,2
"NC","37071",0,0,0,0,0,0,1,0,0,1,2
"NC","37181",0,0,0,0,0,0,1,0,0,1,2
"OK","40017",0,0,0,0,0,0,1,0,0,1,2
"OK","40105",0,0,0,0,0,0,1,0,0,1,2
"OK","40113",0,0,0,0,0,0,1,0,0,1,2
"OK","40117",0,0,0,0,0,0,1,0,0,1,2
"OK","40119",0,0,0,0,0,0,1,0,0,1,2
"OK","40131",0,0,0,0,0,0,1,0,0,1,2
"OK","40147",0,0,0,0,0,0,1,0,0,1,2
"TX","48119",0,0,0,0,0,0,1,0,0,1,2
"VA","51117",0,0,0,0,0,0,1,0,0,1,2
"ID","16039",0,0,0,0,0,0,0,1,0,1,2
"ID","16077",0,0,0,0,0,0,0,1,0,1,2
"MT","30087",0,0,0,0,0,0,0,1,0,1,2
"OR","41045",0,0,0,0,0,0,0,1,0,1,2
"CA","06079",1,0,0,0,0,0,0,0,0,0,1
"CO","08003",1,0,0,0,0,0,0,0,0,0,1
"CO","08021",1,0,0,0,0,0,0,0,0,0,1
"CO","08023",1,0,0,0,0,0,0,0,0,0,1
"CO","08105",1,0,0,0,0,0,0,0,0,0,1
"CO","08109",1,0,0,0,0,0,0,0,0,0,1
"ID","16007",1,0,0,0,0,0,0,0,0,0,1
"ID","16013",1,0,0,0,0,0,0,0,0,0,1
"ID","16023",1,0,0,0,0,0,0,0,0,0,1
"ID","16025",1,0,0,0,0,0,0,0,0,0,1
"ID","16043",1,0,0,0,0,0,0,0,0,0,1
"ID","16051",1,0,0,0,0,0,0,0,0,0,1
"ID","16065",1,0,0,0,0,0,0,0,0,0,1
"ID","16081",1,0,0,0,0,0,0,0,0,0,1
"MT","30001",1,0,0,0,0,0,0,0,0,0,1
"MT","30049",1,0,0,0,0,0,0,0,0,0,1
"MT","30059",1,0,0,0,0,0,0,0,0,0,1
"MT","30075",1,0,0,0,0,0,0,0,0,0,1
"MT","30103",1,0,0,0,0,0,0,0,0,0,1
"ND","38013",1,0,0,0,0,0,0,0,0,0,1
"UT","49003",1,0,0,0,0,0,0,0,0,0,1
"UT","49027",1,0,0,0,0,0,0,0,0,0,1
"UT","49029",1,0,0,0,0,0,0,0,0,0,1
"UT","49039",1,0,0,0,0,0,0,0,0,0,1
"UT","49049",1,0,0,0,0,0,0,0,0,0,1
"AL","01105",0,1,0,0,0,0,0,0,0,0,1
"AL","01111",0,1,0,0,0,0,0,0,0,0,1
"AR","05073",0,1,0,0,0,0,0,0,0,0,1
"CO","08089",0,1,0,0,0,0,0,0,0,0,1
"CO","08101",0,1,0,0,0,0,0,0,0,0,1
"GA","13025",0,1,0,0,0,0,0,0,0,0,1
"GA","13129",0,1,0,0,0,0,0,0,0,0,1
"IN","18155",0,1,0,0,0,0,0,0,0,0,1
"KS","20193",0,1,0,0,0,0,0,0,0,0,1
"KY","21057",0,1,0,0,0,0,0,0,0,0,1
"KY","21107",0,1,0,0,0,0,0,0,0,0,1
"KY","21121",0,1,0,0,0,0,0,0,0,0,1
"KY","21125",0,1,0,0,0,0,0,0,0,0,1
"KY","21171",0,1,0,0,0,0,0,0,0,0,1
"KY","21205",0,1,0,0,0,0,0,0,0,0,1
"KY","21235",0,1,0,0,0,0,0,0,0,0,1
"MD","24001",0,1,0,0,0,0,0,0,0,0,1
"MD","24027",0,1,0,0,0,0,0,0,0,0,1
"MI","26009",0,1,0,0,0,0,0,0,0,0,1
"MI","26019",0,1,0,0,0,0,0,0,0,0,1
"MI","26029",0,1,0,0,0,0,0,0,0,0,1
"MI","26047",0,1,0,0,0,0,0,0,0,0,1
"MI","26101",0,1,0,0,0,0,0,0,0,0,1
"MI","26109",0,1,0,0,0,0,0,0,0,0,1
"MI","26113",0,1,0,0,0,0,0,0,0,0,1
"MI","26133",0,1,0,0,0,0,0,0,0,0,1
"MI","26137",0,1,0,0,0,0,0,0,0,0,1
"MS","28021",0,1,0,0,0,0,0,0,0,0,1
"MS","28025",0,1,0,0,0,0,0,0,0,0,1
"MO","29105",0,1,0,0,0,0,0,0,0,0,1
"MO","29121",0,1,0,0,0,0,0,0,0,0,1
"MO","29225",0,1,0,0,0,0,0,0,0,0,1
"NE","31031",0,1,0,0,0,0,0,0,0,0,1
"NE","31115",0,1,0,0,0,0,0,0,0,0,1
"NJ","34023",0,1,0,0,0,0,0,0,0,0,1
"NJ","34027",0,1,0,0,0,0,0,0,0,0,1
"NY","36001",0,1,0,0,0,0,0,0,0,0,1
"NY","36007",0,1,0,0,0,0,0,0,0,0,1
"NY","36015",0,1,0,0,0,0,0,0,0,0,1
"NY","36025",0,1,0,0,0,0,0,0,0,0,1
"NY","36027",0,1,0,0,0,0,0,0,0,0,1
"NY","36049",0,1,0,0,0,0,0,0,0,0,1
"NY","36083",0,1,0,0,0,0,0,0,0,0,1
"NY","36089",0,1,0,0,0,0,0,0,0,0,1
"NY","36091",0,1,0,0,0,0,0,0,0,0,1
"NY","36095",0,1,0,0,0,0,0,0,0,0,1
"NY","36097",0,1,0,0,0,0,0,0,0,0,1
"NY","36111",0,1,0,0,0,0,0,0,0,0,1
"NY","36115",0,1,0,0,0,0,0,0,0,0,1
"NC","37027",0,1,0,0,0,0,0,0,0,0,1
"NC","37089",0,1,0,0,0,0,0,0,0,0,1
"NC","37193",0,1,0,0,0,0,0,0,0,0,1
"ND","38001",0,1,0,0,0,0,0,0,0,0,1
"ND","38033",0,1,0,0,0,0,0,0,0,0,1
"ND","38041",0,1,0,0,0,0,0,0,0,0,1
"ND","38089",0,1,0,0,0,0,0,0,0,0,1
"OH","39067",0,1,0,0,0,0,0,0,0,0,1
"OH","39081",0,1,0,0,0,0,0,0,0,0,1
"OK","40023",0,1,0,0,0,0,0,0,0,0,1
"OK","40063",0,1,0,0,0,0,0,0,0,0,1
"OK","40089",0,1,0,0,0,0,0,0,0,0,1
"PA","42003",0,1,0,0,0,0,0,0,0,0,1
"PA","42035",0,1,0,0,0,0,0,0,0,0,1
"PA","42059",0,1,0,0,0,0,0,0,0,0,1
"PA","42069",0,1,0,0,0,0,0,0,0,0,1
"PA","42113",0,1,0,0,0,0,0,0,0,0,1
"PA","42123",0,1,0,0,0,0,0,0,0,0,1
"PA","42131",0,1,0,0,0,0,0,0,0,0,1
"SC","45019",0,1,0,0,0,0,0,0,0,0,1
"SC","45083",0,1,0,0,0,0,0,0,0,0,1
"SD","46007",0,1,0,0,0,0,0,0,0,0,1
"SD","46019",0,1,0,0,0,0,0,0,0,0,1
"SD","46095",0,1,0,0,0,0,0,0,0,0,1
"SD","46121",0,1,0,0,0,0,0,0,0,0,1
"TN","47011",0,1,0,0,0,0,0,0,0,0,1
"TN","47035",0,1,0,0,0,0,0,0,0,0,1
"TN","47049",0,1,0,0,0,0,0,0,0,0,1
"TN","47057",0,1,0,0,0,0,0,0,0,0,1
"TN","47073",0,1,0,0,0,0,0,0,0,0,1
"TN","47121",0,1,0,0,0,0,0,0,0,0,1
"TN","47133",0,1,0,0,0,0,0,0,0,0,1
"TN","47135",0,1,0,0,0,0,0,0,0,0,1
"TN","47153",0,1,0,0,0,0,0,0,0,0,1
"TN","47157",0,1,0,0,0,0,0,0,0,0,1
"TN","47163",0,1,0,0,0,0,0,0,0,0,1
"TN","47179",0,1,0,0,0,0,0,0,0,0,1
"TX","48123",0,1,0,0,0,0,0,0,0,0,1
"TX","48149",0,1,0,0,0,0,0,0,0,0,1
"TX","48177",0,1,0,0,0,0,0,0,0,0,1
"TX","48209",0,1,0,0,0,0,0,0,0,0,1
"TX","48255",0,1,0,0,0,0,0,0,0,0,1
"TX","48285",0,1,0,0,0,0,0,0,0,0,1
"TX","48287",0,1,0,0,0,0,0,0,0,0,1
"TX","48473",0,1,0,0,0,0,0,0,0,0,1
"VA","51023",0,1,0,0,0,0,0,0,0,0,1
"VA","51043",0,1,0,0,0,0,0,0,0,0,1
"VA","51115",0,1,0,0,0,0,0,0,0,0,1
"VA","51163",0,1,0,0,0,0,0,0,0,0,1
"WV","54031",0,1,0,0,0,0,0,0,0,0,1
"WV","54053",0,1,0,0,0,0,0,0,0,0,1
"AL","01001",0,0,1,0,0,0,0,0,0,0,1
"AL","01087",0,0,1,0,0,0,0,0,0,0,1
"AL","01117",0,0,1,0,0,0,0,0,0,0,1
"AZ","04009",0,0,1,0,0,0,0,0,0,0,1
"AZ","04013",0,0,1,0,0,0,0,0,0,0,1
"AZ","04019",0,0,1,0,0,0,0,0,0,0,1
"AZ","04027",0,0,1,0,0,0,0,0,0,0,1
"CA","06019",0,0,1,0,0,0,0,0,0,0,1
"GA","13043",0,0,1,0,0,0,0,0,0,0,1
"GA","13153",0,0,1,0,0,0,0,0,0,0,1
"GA","13173",0,0,1,0,0,0,0,0,0,0,1
"GA","13177",0,0,1,0,0,0,0,0,0,0,1
"GA","13209",0,0,1,0,0,0,0,0,0,0,1
"GA","13305",0,0,1,0,0,0,0,0,0,0,1
"MS","28007",0,0,1,0,0,0,0,0,0,0,1
"MS","28043",0,0,1,0,0,0,0,0,0,0,1
"MS","28161",0,0,1,0,0,0,0,0,0,0,1
"NM","35005",0,0,1,0,0,0,0,0,0,0,1
"NM","35013",0,0,1,0,0,0,0,0,0,0,1
"NM","35015",0,0,1,0,0,0,0,0,0,0,1
"NM","35025",0,0,1,0,0,0,0,0,0,0,1
"TX","48033",0,0,1,0,0,0,0,0,0,0,1
"TX","48141",0,0,1,0,0,0,0,0,0,0,1
"TX","48169",0,0,1,0,0,0,0,0,0,0,1
"TX","48191",0,0,1,0,0,0,0,0,0,0,1
"TX","48227",0,0,1,0,0,0,0,0,0,0,1
"TX","48317",0,0,1,0,0,0,0,0,0,0,1
"TX","48335",0,0,1,0,0,0,0,0,0,0,1
"TX","48345",0,0,1,0,0,0,0,0,0,0,1
"TX","48371",0,0,1,0,0,0,0,0,0,0,1
"TX","48383",0,0,1,0,0,0,0,0,0,0,1
"TX","48395",0,0,1,0,0,0,0,0,0,0,1
"TX","48461",0,0,1,0,0,0,0,0,0,0,1
"IA","19017",0,0,0,1,0,0,0,0,0,0,1
"IA","19033",0,0,0,1,0,0,0,0,0,0,1
"IA","19065",0,0,0,1,0,0,0,0,0,0,1
"MI","26033",0,0,0,1,0,0,0,0,0,0,1
"MI","26041",0,0,0,1,0,0,0,0,0,0,1
"MI","26087",0,0,0,1,0,0,0,0,0,0,1
"MN","27007",0,0,0,1,0,0,0,0,0,0,1
"MN","27021",0,0,0,1,0,0,0,0,0,0,1
"MN","27029",0,0,0,1,0,0,0,0,0,0,1
"MN","27057",0,0,0,1,0,0,0,0,0,0,1
"MN","27099",0,0,0,1,0,0,0,0,0,0,1
"MN","27137",0,0,0,1,0,0,0,0,0,0,1
"PA","42015",0,0,0,1,0,0,0,0,0,0,1
"PA","42025",0,0,0,1,0,0,0,0,0,0,1
"SD","46063",0,0,0,1,0,0,0,0,0,0,1
"SD","46105",0,0,0,1,0,0,0,0,0,0,1
"TX","48093",0,0,0,1,0,0,0,0,0,0,1
"TX","48333",0,0,0,1,0,0,0,0,0,0,1
"WI","55075",0,0,0,1,0,0,0,0,0,0,1
"WI","55097",0,0,0,1,0,0,0,0,0,0,1
"FL","12059",0,0,0,0,1,0,0,0,0,0,1
"FL","12121",0,0,0,0,1,0,0,0,0,0,1
"FL","12133",0,0,0,0,1,0,0,0,0,0,1
"NC","37017",0,0,0,0,1,0,0,0,0,0,1
"NC","37187",0,0,0,0,1,0,0,0,0,0,1
"TX","48427",0,0,0,0,0,1,0,0,0,0,1
"AR","05119",0,0,0,0,0,0,1,0,0,0,1
"AR","05149",0,0,0,0,0,0,1,0,0,0,1
"GA","13295",0,0,0,0,0,0,1,0,0,0,1
"IL","17069",0,0,0,0,0,0,1,0,0,0,1
"KY","21143",0,0,0,0,0,0,1,0,0,0,1
"LA","22001",0,0,0,0,0,0,1,0,0,0,1
"LA","22015",0,0,0,0,0,0,1,0,0,0,1
"LA","22039",0,0,0,0,0,0,1,0,0,0,1
"LA","22043",0,0,0,0,0,0,1,0,0,0,1
"LA","22045",0,0,0,0,0,0,1,0,0,0,1
"LA","22047",0,0,0,0,0,0,1,0,0,0,1
"LA","22053",0,0,0,0,0,0,1,0,0,0,1
"LA","22055",0,0,0,0,0,0,1,0,0,0,1
"LA","22099",0,0,0,0,0,0,1,0,0,0,1
"LA","22113",0,0,0,0,0,0,1,0,0,0,1
"MS","28115",0,0,0,0,0,0,1,0,0,0,1
"MS","28117",0,0,0,0,0,0,1,0,0,0,1
"MO","29085",0,0,0,0,0,0,1,0,0,0,1
"MO","29197",0,0,0,0,0,0,1,0,0,0,1
"MO","29223",0,0,0,0,0,0,1,0,0,0,1
"NC","37161",0,0,0,0,0,0,1,0,0,0,1
"OK","40041",0,0,0,0,0,0,1,0,0,0,1
"OK","40111",0,0,0,0,0,0,1,0,0,0,1
"SC","45037",0,0,0,0,0,0,1,0,0,0,1
"SC","45055",0,0,0,0,0,0,1,0,0,0,1
"SC","45073",0,0,0,0,0,0,1,0,0,0,1
"SC","45079",0,0,0,0,0,0,1,0,0,0,1
"TN","47029",0,0,0,0,0,0,1,0,0,0,1
"TN","47041",0,0,0,0,0,0,1,0,0,0,1
"TN","47061",0,0,0,0,0,0,1,0,0,0,1
"TN","47089",0,0,0,0,0,0,1,0,0,0,1
"TN","47105",0,0,0,0,0,0,1,0,0,0,1
"TN","47189",0,0,0,0,0,0,1,0,0,0,1
"TX","48291",0,0,0,0,0,0,1,0,0,0,1
"VA","51011",0,0,0,0,0,0,1,0,0,0,1
"VA","51025",0,0,0,0,0,0,1,0,0,0,1
"VA","51041",0,0,0,0,0,0,1,0,0,0,1
"VA","51075",0,0,0,0,0,0,1,0,0,0,1
"VA","51111",0,0,0,0,0,0,1,0,0,0,1
"VA","51135",0,0,0,0,0,0,1,0,0,0,1
"VA","51145",0,0,0,0,0,0,1,0,0,0,1
"WY","56013",0,0,0,0,0,0,0,1,0,0,1
"WY","56031",0,0,0,0,0,0,0,1,0,0,1
"KY","21005",0,0,0,0,0,0,0,0,1,0,1
"KY","21081",0,0,0,0,0,0,0,0,1,0,1
"KY","21189",0,0,0,0,0,0,0,0,1,0,1
"KY","21201",0,0,0,0,0,0,0,0,1,0,1
"CA","06011",0,0,0,0,0,0,0,0,0,1,1
"CA","06029",0,0,0,0,0,0,0,0,0,1,1
"CA","06067",0,0,0,0,0,0,0,0,0,1,1
"CO","08005",0,0,0,0,0,0,0,0,0,1,1
"CO","08077",0,0,0,0,0,0,0,0,0,1,1
"GA","13211",0,0,0,0,0,0,0,0,0,1,1
"ID","16009",0,0,0,0,0,0,0,0,0,1,1
"IN","18141",0,0,0,0,0,0,0,0,0,1,1
"MT","30011",0,0,0,0,0,0,0,0,0,1,1
"MT","30025",0,0,0,0,0,0,0,0,0,1,1
"MT","30033",0,0,0,0,0,0,0,0,0,1,1
"MT","30037",0,0,0,0,0,0,0,0,0,1,1
"MT","30065",0,0,0,0,0,0,0,0,0,1,1
"MT","30069",0,0,0,0,0,0,0,0,0,1,1
"MT","30079",0,0,0,0,0,0,0,0,0,1,1
"NE","31007",0,0,0,0,0,0,0,0,0,1,1
"NJ","34033",0,0,0,0,0,0,0,0,0,1,1
"NJ","34035",0,0,0,0,0,0,0,0,0,1,1
"NC","37029",0,0,0,0,0,0,0,0,0,1,1
"OK","40013",0,0,0,0,0,0,0,0,0,1,1
"OK","40027",0,0,0,0,0,0,0,0,0,1,1
"OK","40031",0,0,0,0,0,0,0,0,0,1,1
"OK","40033",0,0,0,0,0,0,0,0,0,1,1
"OK","40037",0,0,0,0,0,0,0,0,0,1,1
"OK","40043",0,0,0,0,0,0,0,0,0,1,1
"OK","40045",0,0,0,0,0,0,0,0,0,1,1
"OK","40059",0,0,0,0,0,0,0,0,0,1,1
"OK","40067",0,0,0,0,0,0,0,0,0,1,1
"OK","40081",0,0,0,0,0,0,0,0,0,1,1
"OK","40083",0,0,0,0,0,0,0,0,0,1,1
"OK","40129",0,0,0,0,0,0,0,0,0,1,1
"OK","40137",0,0,0,0,0,0,0,0,0,1,1
"OK","40151",0,0,0,0,0,0,0,0,0,1,1
"OK","40153",0,0,0,0,0,0,0,0,0,1,1
"OR","41001",0,0,0,0,0,0,0,0,0,1,1
"OR","41005",0,0,0,0,0,0,0,0,0,1,1
"OR","41039",0,0,0,0,0,0,0,0,0,1,1
"OR","41043",0,0,0,0,0,0,0,0,0,1,1
"OR","41047",0,0,0,0,0,0,0,0,0,1,1
"OR","41049",0,0,0,0,0,0,0,0,0,1,1
"OR","41059",0,0,0,0,0,0,0,0,0,1,1
"OR","41065",0,0,0,0,0,0,0,0,0,1,1
"SC","45023",0,0,0,0,0,0,0,0,0,1,1
"SD","46103",0,0,0,0,0,0,0,0,0,1,1
"TX","48009",0,0,0,0,0,0,0,0,0,1,1
"TX","48023",0,0,0,0,0,0,0,0,0,1,1
"TX","48059",0,0,0,0,0,0,0,0,0,1,1
"TX","48077",0,0,0,0,0,0,0,0,0,1,1
"TX","48081",0,0,0,0,0,0,0,0,0,1,1
"TX","48133",0,0,0,0,0,0,0,0,0,1,1
"TX","48155",0,0,0,0,0,0,0,0,0,1,1
"TX","48211",0,0,0,0,0,0,0,0,0,1,1
"TX","48257",0,0,0,0,0,0,0,0,0,1,1
"TX","48337",0,0,0,0,0,0,0,0,0,1,1
"TX","48375",0,0,0,0,0,0,0,0,0,1,1
"TX","48393",0,0,0,0,0,0,0,0,0,1,1
"TX","48411",0,0,0,0,0,0,0,0,0,1,1
"TX","48417",0,0,0,0,0,0,0,0,0,1,1
"TX","48447",0,0,0,0,0,0,0,0,0,1,1
"TX","48497",0,0,0,0,0,0,0,0,0,1,1
"TX","48503",0,0,0,0,0,0,0,0,0,1,1
"WA","53001",0,0,0,0,0,0,0,0,0,1,1
"WA","53003",0,0,0,0,0,0,0,0,0,1,1
"WA","53005",0,0,0,0,0,0,0,0,0,1,1
"WA","53017",0,0,0,0,0,0,0,0,0,1,1
"WA","53021",0,0,0,0,0,0,0,0,0,1,1
"WA","53039",0,0,0,0,0,0,0,0,0,1,1
"WA","53047",0,0,0,0,0,0,0,0,0,1,1
"WA","53065",0,0,0,0,0,0,0,0,0,1,1
"WA","53071",0,0,0,0,0,0,0,0,0,1,1
